# Data on CHP electricity generation read in, heat from elec divided by electricity gives ratio
GCAM_region_ID,sector,fuel,technology,year,value
11,electricity generation,coal,coal (conv pul),1971,0
11,electricity generation,coal,coal (conv pul),1972,0
11,electricity generation,coal,coal (conv pul),1973,0
11,electricity generation,coal,coal (conv pul),1974,0
11,electricity generation,coal,coal (conv pul),1975,0
11,electricity generation,coal,coal (conv pul),1976,0
11,electricity generation,coal,coal (conv pul),1977,0
11,electricity generation,coal,coal (conv pul),1978,0
11,electricity generation,coal,coal (conv pul),1979,0
11,electricity generation,coal,coal (conv pul),1980,0
11,electricity generation,coal,coal (conv pul),1981,0
11,electricity generation,coal,coal (conv pul),1982,0
11,electricity generation,coal,coal (conv pul),1983,0
11,electricity generation,coal,coal (conv pul),1984,0
11,electricity generation,coal,coal (conv pul),1985,0
11,electricity generation,coal,coal (conv pul),1986,0
11,electricity generation,coal,coal (conv pul),1987,0
11,electricity generation,coal,coal (conv pul),1988,0
11,electricity generation,coal,coal (conv pul),1989,0
11,electricity generation,coal,coal (conv pul),1990,0
11,electricity generation,coal,coal (conv pul),1991,0
11,electricity generation,coal,coal (conv pul),1992,0
11,electricity generation,coal,coal (conv pul),1993,0
11,electricity generation,coal,coal (conv pul),1994,0
11,electricity generation,coal,coal (conv pul),1995,0
11,electricity generation,coal,coal (conv pul),1996,0
11,electricity generation,coal,coal (conv pul),1997,0
11,electricity generation,coal,coal (conv pul),1998,0
11,electricity generation,coal,coal (conv pul),1999,0
11,electricity generation,coal,coal (conv pul),2000,0
11,electricity generation,coal,coal (conv pul),2001,0
11,electricity generation,coal,coal (conv pul),2002,0
11,electricity generation,coal,coal (conv pul),2003,0
11,electricity generation,coal,coal (conv pul),2004,0
11,electricity generation,coal,coal (conv pul),2005,0.2833454709264333
11,electricity generation,coal,coal (conv pul),2006,0.25441936830457745
11,electricity generation,coal,coal (conv pul),2007,0.24014851215994287
11,electricity generation,coal,coal (conv pul),2008,0.2240671852867946
11,electricity generation,coal,coal (conv pul),2009,0.21262029106931746
11,electricity generation,coal,coal (conv pul),2010,0.19371925039028365
11,electricity generation,coal,coal (conv pul),2011,0.18995498501681743
11,electricity generation,coal,coal (conv pul),2012,0.20263995956484723
11,electricity generation,coal,coal (conv pul),2013,0.19374431457201008
11,electricity generation,coal,coal (conv pul),2014,0.19131649686250599
11,electricity generation,coal,coal (conv pul),2015,0.2057789841238624
12,electricity generation,biomass,biomass (conv),1971,0
12,electricity generation,biomass,biomass (conv),1972,0
12,electricity generation,biomass,biomass (conv),1973,0
12,electricity generation,biomass,biomass (conv),1974,0
12,electricity generation,biomass,biomass (conv),1975,0
12,electricity generation,biomass,biomass (conv),1976,0
12,electricity generation,biomass,biomass (conv),1977,0
12,electricity generation,biomass,biomass (conv),1978,0
12,electricity generation,biomass,biomass (conv),1979,0
12,electricity generation,biomass,biomass (conv),1980,0
12,electricity generation,biomass,biomass (conv),1981,0
12,electricity generation,biomass,biomass (conv),1982,0
12,electricity generation,biomass,biomass (conv),1983,0
12,electricity generation,biomass,biomass (conv),1984,1.7226337448559672
12,electricity generation,biomass,biomass (conv),1985,1.9708097928436912
12,electricity generation,biomass,biomass (conv),1986,2.4224537037037037
12,electricity generation,biomass,biomass (conv),1987,3.240528233151184
12,electricity generation,biomass,biomass (conv),1988,1.8984126984126986
12,electricity generation,biomass,biomass (conv),1989,4.228282828282828
12,electricity generation,biomass,biomass (conv),1990,2.275
12,electricity generation,biomass,biomass (conv),1991,1.6508573388203018
12,electricity generation,biomass,biomass (conv),1992,1.422547281323877
12,electricity generation,biomass,biomass (conv),1993,1.8984126984126986
12,electricity generation,biomass,biomass (conv),1994,2.8829201101928374
12,electricity generation,biomass,biomass (conv),1995,2.4916666666666667
12,electricity generation,biomass,biomass (conv),1996,3.398888888888888
12,electricity generation,biomass,biomass (conv),1997,4.157081174438687
12,electricity generation,biomass,biomass (conv),1998,2.950331674958541
12,electricity generation,biomass,biomass (conv),1999,1.5682937272532649
12,electricity generation,biomass,biomass (conv),2000,1.998090692124105
12,electricity generation,biomass,biomass (conv),2001,2.2449669966996697
12,electricity generation,biomass,biomass (conv),2002,1.8842454394693202
12,electricity generation,biomass,biomass (conv),2003,3.8342493030665072
12,electricity generation,biomass,biomass (conv),2004,1.3923229054297013
12,electricity generation,biomass,biomass (conv),2005,0.34462129527991214
12,electricity generation,biomass,biomass (conv),2006,0.39928893513701
12,electricity generation,biomass,biomass (conv),2007,0.4395904436860068
12,electricity generation,biomass,biomass (conv),2008,0.39836870951669157
12,electricity generation,biomass,biomass (conv),2009,0.5744684784618229
12,electricity generation,biomass,biomass (conv),2010,0.6096774193548388
12,electricity generation,biomass,biomass (conv),2011,0.6570290680787364
12,electricity generation,biomass,biomass (conv),2012,0.6986252025646446
12,electricity generation,biomass,biomass (conv),2013,0.894934998984359
12,electricity generation,biomass,biomass (conv),2014,0.818732248243958
12,electricity generation,biomass,biomass (conv),2015,0.8403282809112914
12,electricity generation,coal,coal (conv pul),1971,0.36388404090490895
12,electricity generation,coal,coal (conv pul),1972,0.3701931586450038
12,electricity generation,coal,coal (conv pul),1973,0.37497378156459377
12,electricity generation,coal,coal (conv pul),1974,0.36545098812087284
12,electricity generation,coal,coal (conv pul),1975,0.35599984588478784
12,electricity generation,coal,coal (conv pul),1976,0.41722739766906053
12,electricity generation,coal,coal (conv pul),1977,0.417014105246365
12,electricity generation,coal,coal (conv pul),1978,0.43535673281291126
12,electricity generation,coal,coal (conv pul),1979,0.4614199930999745
12,electricity generation,coal,coal (conv pul),1980,0.5053162625679941
12,electricity generation,coal,coal (conv pul),1981,0.49712292244088946
12,electricity generation,coal,coal (conv pul),1982,0.4732099320832389
12,electricity generation,coal,coal (conv pul),1983,0.474579155198204
12,electricity generation,coal,coal (conv pul),1984,0.4881405912322508
12,electricity generation,coal,coal (conv pul),1985,0.443648172111222
12,electricity generation,coal,coal (conv pul),1986,0.44404927067138106
12,electricity generation,coal,coal (conv pul),1987,0.47302289809402764
12,electricity generation,coal,coal (conv pul),1988,0.4274690852547799
12,electricity generation,coal,coal (conv pul),1989,0.5094549734588784
12,electricity generation,coal,coal (conv pul),1990,0.5062084295942855
12,electricity generation,coal,coal (conv pul),1991,0.512012968961693
12,electricity generation,coal,coal (conv pul),1992,0.47462316347611744
12,electricity generation,coal,coal (conv pul),1993,0.4889714967779422
12,electricity generation,coal,coal (conv pul),1994,0.45955568637260796
12,electricity generation,coal,coal (conv pul),1995,0.4639916519724836
12,electricity generation,coal,coal (conv pul),1996,0.4706824341491342
12,electricity generation,coal,coal (conv pul),1997,0.4606883450427695
12,electricity generation,coal,coal (conv pul),1998,0.4373788951678669
12,electricity generation,coal,coal (conv pul),1999,0.40763805986647217
12,electricity generation,coal,coal (conv pul),2000,0.3793638739496419
12,electricity generation,coal,coal (conv pul),2001,0.4022670870663658
12,electricity generation,coal,coal (conv pul),2002,0.37751665333275214
12,electricity generation,coal,coal (conv pul),2003,0.36057302737839025
12,electricity generation,coal,coal (conv pul),2004,0.36228463370219915
12,electricity generation,coal,coal (conv pul),2005,0.36201857400096865
12,electricity generation,coal,coal (conv pul),2006,0.34400503358609463
12,electricity generation,coal,coal (conv pul),2007,0.3348165057552665
12,electricity generation,coal,coal (conv pul),2008,0.3600716291554372
12,electricity generation,coal,coal (conv pul),2009,0.35961091294266373
12,electricity generation,coal,coal (conv pul),2010,0.37116300932103746
12,electricity generation,coal,coal (conv pul),2011,0.32845434636913695
12,electricity generation,coal,coal (conv pul),2012,0.34646554780650773
12,electricity generation,coal,coal (conv pul),2013,0.357601581950966
12,electricity generation,coal,coal (conv pul),2014,0.33538717533894874
12,electricity generation,coal,coal (conv pul),2015,0.33723724773064345
12,electricity generation,refined liquids,refined liquids (steam/CT),1971,0.4222381630166624
12,electricity generation,refined liquids,refined liquids (steam/CT),1972,0.47283272973067253
12,electricity generation,refined liquids,refined liquids (steam/CT),1973,0.4921801659550031
12,electricity generation,refined liquids,refined liquids (steam/CT),1974,0.47070838857864894
12,electricity generation,refined liquids,refined liquids (steam/CT),1975,0.36982742478787073
12,electricity generation,refined liquids,refined liquids (steam/CT),1976,0.6480686672777562
12,electricity generation,refined liquids,refined liquids (steam/CT),1977,0.6745966984564723
12,electricity generation,refined liquids,refined liquids (steam/CT),1978,0.6663437036472697
12,electricity generation,refined liquids,refined liquids (steam/CT),1979,0.6635127312178478
12,electricity generation,refined liquids,refined liquids (steam/CT),1980,0.7067380866074011
12,electricity generation,refined liquids,refined liquids (steam/CT),1981,0.667574448271024
12,electricity generation,refined liquids,refined liquids (steam/CT),1982,0.7373740485225657
12,electricity generation,refined liquids,refined liquids (steam/CT),1983,0.7492901857438045
12,electricity generation,refined liquids,refined liquids (steam/CT),1984,0.6875852276343624
12,electricity generation,refined liquids,refined liquids (steam/CT),1985,0.6880888708429523
12,electricity generation,refined liquids,refined liquids (steam/CT),1986,0.7070306851033122
12,electricity generation,refined liquids,refined liquids (steam/CT),1987,0.8482534255073125
12,electricity generation,refined liquids,refined liquids (steam/CT),1988,0.8032577072741579
12,electricity generation,refined liquids,refined liquids (steam/CT),1989,1.1707254185949663
12,electricity generation,refined liquids,refined liquids (steam/CT),1990,1.1277228992944195
12,electricity generation,refined liquids,refined liquids (steam/CT),1991,0.9972410533286824
12,electricity generation,refined liquids,refined liquids (steam/CT),1992,1.6393773267030787
12,electricity generation,refined liquids,refined liquids (steam/CT),1993,1.478912937148447
12,electricity generation,refined liquids,refined liquids (steam/CT),1994,1.5079651488626582
12,electricity generation,refined liquids,refined liquids (steam/CT),1995,1.4996229931799887
12,electricity generation,refined liquids,refined liquids (steam/CT),1996,1.4166031519193363
12,electricity generation,refined liquids,refined liquids (steam/CT),1997,1.3154186637973195
12,electricity generation,refined liquids,refined liquids (steam/CT),1998,1.0726475940768767
12,electricity generation,refined liquids,refined liquids (steam/CT),1999,1.0887037456862894
12,electricity generation,refined liquids,refined liquids (steam/CT),2000,0.9789010117337164
12,electricity generation,refined liquids,refined liquids (steam/CT),2001,1.0449608568620856
12,electricity generation,refined liquids,refined liquids (steam/CT),2002,0.9863162017384273
12,electricity generation,refined liquids,refined liquids (steam/CT),2003,0.8152716308201983
12,electricity generation,refined liquids,refined liquids (steam/CT),2004,0.6384046584712081
12,electricity generation,refined liquids,refined liquids (steam/CT),2005,0.624310216256525
12,electricity generation,refined liquids,refined liquids (steam/CT),2006,0.45736231598317556
12,electricity generation,refined liquids,refined liquids (steam/CT),2007,0.2699609565641776
12,electricity generation,refined liquids,refined liquids (steam/CT),2008,0.24669446203645062
12,electricity generation,refined liquids,refined liquids (steam/CT),2009,0.49164287305348
12,electricity generation,refined liquids,refined liquids (steam/CT),2010,0.5273914452704327
12,electricity generation,refined liquids,refined liquids (steam/CT),2011,0.5167901234567901
12,electricity generation,refined liquids,refined liquids (steam/CT),2012,0.6234664607237422
12,electricity generation,refined liquids,refined liquids (steam/CT),2013,0.5188247302420531
12,electricity generation,refined liquids,refined liquids (steam/CT),2014,0.5122369065100342
12,electricity generation,refined liquids,refined liquids (steam/CT),2015,0.5722730352303522
14,electricity generation,biomass,biomass (conv),1971,0
14,electricity generation,biomass,biomass (conv),1972,0
14,electricity generation,biomass,biomass (conv),1973,0
14,electricity generation,biomass,biomass (conv),1974,0
14,electricity generation,biomass,biomass (conv),1975,0
14,electricity generation,biomass,biomass (conv),1976,0
14,electricity generation,biomass,biomass (conv),1977,0
14,electricity generation,biomass,biomass (conv),1978,0
14,electricity generation,biomass,biomass (conv),1979,0
14,electricity generation,biomass,biomass (conv),1980,0
14,electricity generation,biomass,biomass (conv),1981,0
14,electricity generation,biomass,biomass (conv),1982,0
14,electricity generation,biomass,biomass (conv),1983,0
14,electricity generation,biomass,biomass (conv),1984,0
14,electricity generation,biomass,biomass (conv),1985,0
14,electricity generation,biomass,biomass (conv),1986,0
14,electricity generation,biomass,biomass (conv),1987,0
14,electricity generation,biomass,biomass (conv),1988,0
14,electricity generation,biomass,biomass (conv),1989,0
14,electricity generation,biomass,biomass (conv),1990,0
14,electricity generation,biomass,biomass (conv),1991,0
14,electricity generation,biomass,biomass (conv),1992,0
14,electricity generation,biomass,biomass (conv),1993,0
14,electricity generation,biomass,biomass (conv),1994,0
14,electricity generation,biomass,biomass (conv),1995,0
14,electricity generation,biomass,biomass (conv),1996,0
14,electricity generation,biomass,biomass (conv),1997,0
14,electricity generation,biomass,biomass (conv),1998,0
14,electricity generation,biomass,biomass (conv),1999,0
14,electricity generation,biomass,biomass (conv),2000,0
14,electricity generation,biomass,biomass (conv),2001,0
14,electricity generation,biomass,biomass (conv),2002,0
14,electricity generation,biomass,biomass (conv),2003,0
14,electricity generation,biomass,biomass (conv),2004,0
14,electricity generation,biomass,biomass (conv),2005,0
14,electricity generation,biomass,biomass (conv),2006,69.76666666666667
14,electricity generation,biomass,biomass (conv),2007,17.441666666666666
14,electricity generation,biomass,biomass (conv),2008,13.781069958847738
14,electricity generation,biomass,biomass (conv),2009,2.1203594771241834
14,electricity generation,biomass,biomass (conv),2010,1.9301169590643272
14,electricity generation,biomass,biomass (conv),2011,2.6219498910675383
14,electricity generation,biomass,biomass (conv),2012,2.9221640488656195
14,electricity generation,biomass,biomass (conv),2013,3.5258422939068095
14,electricity generation,biomass,biomass (conv),2014,3.7555555555555555
14,electricity generation,biomass,biomass (conv),2015,4.0697222222222225
14,electricity generation,coal,coal (conv pul),1971,0.5312908694405399
14,electricity generation,coal,coal (conv pul),1972,0.5998737758157
14,electricity generation,coal,coal (conv pul),1973,0.6621992371899654
14,electricity generation,coal,coal (conv pul),1974,0.7491577150678269
14,electricity generation,coal,coal (conv pul),1975,0.9574794306470688
14,electricity generation,coal,coal (conv pul),1976,0.7467209238716551
14,electricity generation,coal,coal (conv pul),1977,0.7543168343647508
14,electricity generation,coal,coal (conv pul),1978,0.7590647627076798
14,electricity generation,coal,coal (conv pul),1979,0.7578755463836819
14,electricity generation,coal,coal (conv pul),1980,0.9224123821651183
14,electricity generation,coal,coal (conv pul),1981,0.99890191637733
14,electricity generation,coal,coal (conv pul),1982,0.9832995344925765
14,electricity generation,coal,coal (conv pul),1983,0.9575761945321914
14,electricity generation,coal,coal (conv pul),1984,0.9729364478891922
14,electricity generation,coal,coal (conv pul),1985,0.9899347591629067
14,electricity generation,coal,coal (conv pul),1986,0.9414930534922692
14,electricity generation,coal,coal (conv pul),1987,0.9093429537113159
14,electricity generation,coal,coal (conv pul),1988,0.9319109798084585
14,electricity generation,coal,coal (conv pul),1989,0.9510466192324407
14,electricity generation,coal,coal (conv pul),1990,0.014947362230194673
14,electricity generation,coal,coal (conv pul),1991,0.012855417932538754
14,electricity generation,coal,coal (conv pul),1992,0.01462533571524056
14,electricity generation,coal,coal (conv pul),1993,0.01676332354022637
14,electricity generation,coal,coal (conv pul),1994,0.015131328904752462
14,electricity generation,coal,coal (conv pul),1995,0.016118126693250405
14,electricity generation,coal,coal (conv pul),1996,0.015311901984113233
14,electricity generation,coal,coal (conv pul),1997,0.016706277226023636
14,electricity generation,coal,coal (conv pul),1998,0.018340343498072204
14,electricity generation,coal,coal (conv pul),1999,0.0156960701525135
14,electricity generation,coal,coal (conv pul),2000,0.015750003762542705
14,electricity generation,coal,coal (conv pul),2001,0.013965465831774687
14,electricity generation,coal,coal (conv pul),2002,0.01422916679350352
14,electricity generation,coal,coal (conv pul),2003,0.01696587977570669
14,electricity generation,coal,coal (conv pul),2004,0.015459729362406194
14,electricity generation,coal,coal (conv pul),2005,0.03557175134465039
14,electricity generation,coal,coal (conv pul),2006,0.03169112401131249
14,electricity generation,coal,coal (conv pul),2007,0.045121504476992605
14,electricity generation,coal,coal (conv pul),2008,0.05468638864292869
14,electricity generation,coal,coal (conv pul),2009,0.06761728453747279
14,electricity generation,coal,coal (conv pul),2010,0.07084642828905756
14,electricity generation,coal,coal (conv pul),2011,0.054816979906551856
14,electricity generation,coal,coal (conv pul),2012,0.08638765065213802
14,electricity generation,coal,coal (conv pul),2013,0.07318070567489092
14,electricity generation,coal,coal (conv pul),2014,0.08912025430298283
14,electricity generation,coal,coal (conv pul),2015,0.08986599412934307
14,electricity generation,refined liquids,refined liquids (steam/CT),1971,0.8639539804993036
14,electricity generation,refined liquids,refined liquids (steam/CT),1972,0.8366485479493142
14,electricity generation,refined liquids,refined liquids (steam/CT),1973,0.8576951320961976
14,electricity generation,refined liquids,refined liquids (steam/CT),1974,0.9636904411225118
14,electricity generation,refined liquids,refined liquids (steam/CT),1975,1.1925178060521837
14,electricity generation,refined liquids,refined liquids (steam/CT),1976,1.0630362197504286
14,electricity generation,refined liquids,refined liquids (steam/CT),1977,1.026857353319296
14,electricity generation,refined liquids,refined liquids (steam/CT),1978,0.9979343755307072
14,electricity generation,refined liquids,refined liquids (steam/CT),1979,0.9705839706260668
14,electricity generation,refined liquids,refined liquids (steam/CT),1980,0.8224654958430898
14,electricity generation,refined liquids,refined liquids (steam/CT),1981,0.9195707517720777
14,electricity generation,refined liquids,refined liquids (steam/CT),1982,1.0484420181547505
14,electricity generation,refined liquids,refined liquids (steam/CT),1983,1.158596869068656
14,electricity generation,refined liquids,refined liquids (steam/CT),1984,1.27082426298254
14,electricity generation,refined liquids,refined liquids (steam/CT),1985,1.4436300447585675
14,electricity generation,refined liquids,refined liquids (steam/CT),1986,1.4410315750824556
14,electricity generation,refined liquids,refined liquids (steam/CT),1987,1.4547472081163806
14,electricity generation,refined liquids,refined liquids (steam/CT),1988,1.5021817981489642
14,electricity generation,refined liquids,refined liquids (steam/CT),1989,1.2774782328753091
14,electricity generation,refined liquids,refined liquids (steam/CT),1990,0.26235339527921053
14,electricity generation,refined liquids,refined liquids (steam/CT),1991,0.36999378007660316
14,electricity generation,refined liquids,refined liquids (steam/CT),1992,0.3541582210742195
14,electricity generation,refined liquids,refined liquids (steam/CT),1993,0.439824321647851
14,electricity generation,refined liquids,refined liquids (steam/CT),1994,0.48300548402479737
14,electricity generation,refined liquids,refined liquids (steam/CT),1995,0.48796604851109227
14,electricity generation,refined liquids,refined liquids (steam/CT),1996,0.9107644489247312
14,electricity generation,refined liquids,refined liquids (steam/CT),1997,1.3540126038703921
14,electricity generation,refined liquids,refined liquids (steam/CT),1998,1.5289192339382247
14,electricity generation,refined liquids,refined liquids (steam/CT),1999,1.219420217920537
14,electricity generation,refined liquids,refined liquids (steam/CT),2000,1.3087896197287683
14,electricity generation,refined liquids,refined liquids (steam/CT),2001,1.7432243832162795
14,electricity generation,refined liquids,refined liquids (steam/CT),2002,1.7712946020128084
14,electricity generation,refined liquids,refined liquids (steam/CT),2003,1.6354678864112826
14,electricity generation,refined liquids,refined liquids (steam/CT),2004,1.1767199573674394
14,electricity generation,refined liquids,refined liquids (steam/CT),2005,1.5725775408986602
14,electricity generation,refined liquids,refined liquids (steam/CT),2006,1.3033451700890328
14,electricity generation,refined liquids,refined liquids (steam/CT),2007,1.2306196291270919
14,electricity generation,refined liquids,refined liquids (steam/CT),2008,0.9957489257213014
14,electricity generation,refined liquids,refined liquids (steam/CT),2009,2.031137067738424
14,electricity generation,refined liquids,refined liquids (steam/CT),2010,0.825087377062505
14,electricity generation,refined liquids,refined liquids (steam/CT),2011,0.7691526156506702
14,electricity generation,refined liquids,refined liquids (steam/CT),2012,0.9289971710077064
14,electricity generation,refined liquids,refined liquids (steam/CT),2013,0.7676039119804401
14,electricity generation,refined liquids,refined liquids (steam/CT),2014,0.8047865287722089
14,electricity generation,refined liquids,refined liquids (steam/CT),2015,0.8451908957415566
15,electricity generation,biomass,biomass (conv),1971,0
15,electricity generation,biomass,biomass (conv),1972,0
15,electricity generation,biomass,biomass (conv),1973,0
15,electricity generation,biomass,biomass (conv),1974,0
15,electricity generation,biomass,biomass (conv),1975,0
15,electricity generation,biomass,biomass (conv),1976,0
15,electricity generation,biomass,biomass (conv),1977,0
15,electricity generation,biomass,biomass (conv),1978,0
15,electricity generation,biomass,biomass (conv),1979,0
15,electricity generation,biomass,biomass (conv),1980,0
15,electricity generation,biomass,biomass (conv),1981,0
15,electricity generation,biomass,biomass (conv),1982,0
15,electricity generation,biomass,biomass (conv),1983,0
15,electricity generation,biomass,biomass (conv),1984,0
15,electricity generation,biomass,biomass (conv),1985,0
15,electricity generation,biomass,biomass (conv),1986,0
15,electricity generation,biomass,biomass (conv),1987,0
15,electricity generation,biomass,biomass (conv),1988,0
15,electricity generation,biomass,biomass (conv),1989,0
15,electricity generation,biomass,biomass (conv),1990,0
15,electricity generation,biomass,biomass (conv),1991,0
15,electricity generation,biomass,biomass (conv),1992,0
15,electricity generation,biomass,biomass (conv),1993,0
15,electricity generation,biomass,biomass (conv),1994,0
15,electricity generation,biomass,biomass (conv),1995,0
15,electricity generation,biomass,biomass (conv),1996,0
15,electricity generation,biomass,biomass (conv),1997,0
15,electricity generation,biomass,biomass (conv),1998,0
15,electricity generation,biomass,biomass (conv),1999,0
15,electricity generation,biomass,biomass (conv),2000,0
15,electricity generation,biomass,biomass (conv),2001,0
15,electricity generation,biomass,biomass (conv),2002,0
15,electricity generation,biomass,biomass (conv),2003,0
15,electricity generation,biomass,biomass (conv),2004,0
15,electricity generation,biomass,biomass (conv),2005,0
15,electricity generation,biomass,biomass (conv),2006,0
15,electricity generation,biomass,biomass (conv),2007,0
15,electricity generation,biomass,biomass (conv),2008,0
15,electricity generation,biomass,biomass (conv),2009,0
15,electricity generation,biomass,biomass (conv),2010,0
15,electricity generation,biomass,biomass (conv),2011,0.32299382716049385
15,electricity generation,biomass,biomass (conv),2012,0.3941619585687382
15,electricity generation,biomass,biomass (conv),2013,1.240296296296296
15,electricity generation,biomass,biomass (conv),2014,1.2402962962962965
15,electricity generation,biomass,biomass (conv),2015,3.5707349081364828
15,electricity generation,coal,coal (conv pul),1971,0
15,electricity generation,coal,coal (conv pul),1972,0
15,electricity generation,coal,coal (conv pul),1973,0
15,electricity generation,coal,coal (conv pul),1974,0
15,electricity generation,coal,coal (conv pul),1975,0
15,electricity generation,coal,coal (conv pul),1976,0
15,electricity generation,coal,coal (conv pul),1977,0
15,electricity generation,coal,coal (conv pul),1978,0
15,electricity generation,coal,coal (conv pul),1979,0
15,electricity generation,coal,coal (conv pul),1980,0
15,electricity generation,coal,coal (conv pul),1981,0
15,electricity generation,coal,coal (conv pul),1982,0
15,electricity generation,coal,coal (conv pul),1983,0
15,electricity generation,coal,coal (conv pul),1984,0
15,electricity generation,coal,coal (conv pul),1985,0
15,electricity generation,coal,coal (conv pul),1986,0
15,electricity generation,coal,coal (conv pul),1987,0
15,electricity generation,coal,coal (conv pul),1988,0.030780000702283667
15,electricity generation,coal,coal (conv pul),1989,0.021711781865987725
15,electricity generation,coal,coal (conv pul),1990,0
15,electricity generation,coal,coal (conv pul),1991,0
15,electricity generation,coal,coal (conv pul),1992,0
15,electricity generation,coal,coal (conv pul),1993,0
15,electricity generation,coal,coal (conv pul),1994,0
15,electricity generation,coal,coal (conv pul),1995,0
15,electricity generation,coal,coal (conv pul),1996,0
15,electricity generation,coal,coal (conv pul),1997,0
15,electricity generation,coal,coal (conv pul),1998,0
15,electricity generation,coal,coal (conv pul),1999,0
15,electricity generation,coal,coal (conv pul),2000,0
15,electricity generation,coal,coal (conv pul),2001,0
15,electricity generation,coal,coal (conv pul),2002,0
15,electricity generation,coal,coal (conv pul),2003,0
15,electricity generation,coal,coal (conv pul),2004,0
15,electricity generation,coal,coal (conv pul),2005,0.011558697561761602
15,electricity generation,coal,coal (conv pul),2006,0.004597675900094457
15,electricity generation,coal,coal (conv pul),2007,0.004818951671776902
15,electricity generation,coal,coal (conv pul),2008,0.007327910667082686
15,electricity generation,coal,coal (conv pul),2009,0.008178083086313893
15,electricity generation,coal,coal (conv pul),2010,0.00868785378311716
15,electricity generation,coal,coal (conv pul),2011,0.008333032414930367
15,electricity generation,coal,coal (conv pul),2012,0.008492114040923008
15,electricity generation,coal,coal (conv pul),2013,0.008407069489872037
15,electricity generation,coal,coal (conv pul),2014,0.007619838945894707
15,electricity generation,coal,coal (conv pul),2015,0.00823890374993808
15,electricity generation,refined liquids,refined liquids (steam/CT),1971,0
15,electricity generation,refined liquids,refined liquids (steam/CT),1972,0
15,electricity generation,refined liquids,refined liquids (steam/CT),1973,0
15,electricity generation,refined liquids,refined liquids (steam/CT),1974,0
15,electricity generation,refined liquids,refined liquids (steam/CT),1975,0
15,electricity generation,refined liquids,refined liquids (steam/CT),1976,0
15,electricity generation,refined liquids,refined liquids (steam/CT),1977,0
15,electricity generation,refined liquids,refined liquids (steam/CT),1978,0
15,electricity generation,refined liquids,refined liquids (steam/CT),1979,0
15,electricity generation,refined liquids,refined liquids (steam/CT),1980,0
15,electricity generation,refined liquids,refined liquids (steam/CT),1981,2.435202090717073
15,electricity generation,refined liquids,refined liquids (steam/CT),1982,3.031017067223964
15,electricity generation,refined liquids,refined liquids (steam/CT),1983,3.1139851881284284
15,electricity generation,refined liquids,refined liquids (steam/CT),1984,3.2732241706344607
15,electricity generation,refined liquids,refined liquids (steam/CT),1985,2.9644382805381357
15,electricity generation,refined liquids,refined liquids (steam/CT),1986,3.320528075245056
15,electricity generation,refined liquids,refined liquids (steam/CT),1987,3.3323605648236057
15,electricity generation,refined liquids,refined liquids (steam/CT),1988,1.940482251832593
15,electricity generation,refined liquids,refined liquids (steam/CT),1989,1.848314878057194
15,electricity generation,refined liquids,refined liquids (steam/CT),1990,0.1509468639493765
15,electricity generation,refined liquids,refined liquids (steam/CT),1991,0.24131638970348646
15,electricity generation,refined liquids,refined liquids (steam/CT),1992,0.13867991845056066
15,electricity generation,refined liquids,refined liquids (steam/CT),1993,0.14884277217481254
15,electricity generation,refined liquids,refined liquids (steam/CT),1994,0.5185282068316448
15,electricity generation,refined liquids,refined liquids (steam/CT),1995,0.4252465853964162
15,electricity generation,refined liquids,refined liquids (steam/CT),1996,0.2834730579985942
15,electricity generation,refined liquids,refined liquids (steam/CT),1997,0.15426336146272857
15,electricity generation,refined liquids,refined liquids (steam/CT),1998,0.14914175810316557
15,electricity generation,refined liquids,refined liquids (steam/CT),1999,0.14948711317989824
15,electricity generation,refined liquids,refined liquids (steam/CT),2000,0.07119955776672195
15,electricity generation,refined liquids,refined liquids (steam/CT),2001,0.05267734184308251
15,electricity generation,refined liquids,refined liquids (steam/CT),2002,0.040545177805451776
15,electricity generation,refined liquids,refined liquids (steam/CT),2003,0.0663851719694717
15,electricity generation,refined liquids,refined liquids (steam/CT),2004,0.060954732510288066
15,electricity generation,refined liquids,refined liquids (steam/CT),2005,0.14174116034864637
15,electricity generation,refined liquids,refined liquids (steam/CT),2006,0.16893585016418103
15,electricity generation,refined liquids,refined liquids (steam/CT),2007,0.07259508277637705
15,electricity generation,refined liquids,refined liquids (steam/CT),2008,0.06980982182925204
15,electricity generation,refined liquids,refined liquids (steam/CT),2009,0.1431818181818182
15,electricity generation,refined liquids,refined liquids (steam/CT),2010,0.22352155920437855
15,electricity generation,refined liquids,refined liquids (steam/CT),2011,0.30303218333747
15,electricity generation,refined liquids,refined liquids (steam/CT),2012,0.11603349673202616
15,electricity generation,refined liquids,refined liquids (steam/CT),2013,0.07205946791862285
15,electricity generation,refined liquids,refined liquids (steam/CT),2014,0.07883239171374765
15,electricity generation,refined liquids,refined liquids (steam/CT),2015,0.101064857171902
23,electricity generation,coal,coal (conv pul),1971,0.5312908694405398
23,electricity generation,coal,coal (conv pul),1972,0.5998737758156999
23,electricity generation,coal,coal (conv pul),1973,0.6621992371899653
23,electricity generation,coal,coal (conv pul),1974,0.7491577150678267
23,electricity generation,coal,coal (conv pul),1975,0.9574794306470688
23,electricity generation,coal,coal (conv pul),1976,0.7467209238716551
23,electricity generation,coal,coal (conv pul),1977,0.7543168343647508
23,electricity generation,coal,coal (conv pul),1978,0.7590647627076799
23,electricity generation,coal,coal (conv pul),1979,0.7578755463836819
23,electricity generation,coal,coal (conv pul),1980,0.9224123821651181
23,electricity generation,coal,coal (conv pul),1981,0.99890191637733
23,electricity generation,coal,coal (conv pul),1982,0.9832995344925765
23,electricity generation,coal,coal (conv pul),1983,0.9575761945321913
23,electricity generation,coal,coal (conv pul),1984,0.9729364478891922
23,electricity generation,coal,coal (conv pul),1985,0.9899347591629065
23,electricity generation,coal,coal (conv pul),1986,0.941493053492269
23,electricity generation,coal,coal (conv pul),1987,0.9093429537113162
23,electricity generation,coal,coal (conv pul),1988,0.9319109798084584
23,electricity generation,coal,coal (conv pul),1989,0.9510466192324408
23,electricity generation,coal,coal (conv pul),1990,1.4086216090115309
23,electricity generation,coal,coal (conv pul),1991,1.453841474013558
23,electricity generation,coal,coal (conv pul),1992,1.7236945167196684
23,electricity generation,coal,coal (conv pul),1993,1.9617222373402463
23,electricity generation,coal,coal (conv pul),1994,1.7568543063501514
23,electricity generation,coal,coal (conv pul),1995,1.8419181215729807
23,electricity generation,coal,coal (conv pul),1996,1.317808614821332
23,electricity generation,coal,coal (conv pul),1997,1.326154689908692
23,electricity generation,coal,coal (conv pul),1998,1.30199290510579
23,electricity generation,coal,coal (conv pul),1999,1.2552023731018846
23,electricity generation,coal,coal (conv pul),2000,1.6865727659677674
23,electricity generation,coal,coal (conv pul),2001,1.6646171660557025
23,electricity generation,coal,coal (conv pul),2002,1.6080504961182116
23,electricity generation,coal,coal (conv pul),2003,1.4111447891490685
23,electricity generation,coal,coal (conv pul),2004,1.5174162615717233
23,electricity generation,coal,coal (conv pul),2005,1.046992782882073
23,electricity generation,coal,coal (conv pul),2006,1.0012573943922365
23,electricity generation,coal,coal (conv pul),2007,0.9401878264577337
23,electricity generation,coal,coal (conv pul),2008,0.8727621413646794
23,electricity generation,coal,coal (conv pul),2009,0.9209003686671965
23,electricity generation,coal,coal (conv pul),2010,1.0756597222222224
23,electricity generation,coal,coal (conv pul),2011,1.096344818489311
23,electricity generation,coal,coal (conv pul),2012,1.067482092375123
23,electricity generation,coal,coal (conv pul),2013,0.9335024651451334
23,electricity generation,coal,coal (conv pul),2014,0.9394670351449445
23,electricity generation,coal,coal (conv pul),2015,1.0572371167890706
23,electricity generation,refined liquids,refined liquids (steam/CT),1971,0.8639539804993035
23,electricity generation,refined liquids,refined liquids (steam/CT),1972,0.836648547949314
23,electricity generation,refined liquids,refined liquids (steam/CT),1973,0.8576951320961975
23,electricity generation,refined liquids,refined liquids (steam/CT),1974,0.9636904411225116
23,electricity generation,refined liquids,refined liquids (steam/CT),1975,1.1925178060521835
23,electricity generation,refined liquids,refined liquids (steam/CT),1976,1.0630362197504286
23,electricity generation,refined liquids,refined liquids (steam/CT),1977,1.026857353319296
23,electricity generation,refined liquids,refined liquids (steam/CT),1978,0.9979343755307073
23,electricity generation,refined liquids,refined liquids (steam/CT),1979,0.970583970626067
23,electricity generation,refined liquids,refined liquids (steam/CT),1980,0.8224654958430899
23,electricity generation,refined liquids,refined liquids (steam/CT),1981,0.9195707517720776
23,electricity generation,refined liquids,refined liquids (steam/CT),1982,1.0484420181547505
23,electricity generation,refined liquids,refined liquids (steam/CT),1983,1.158596869068656
23,electricity generation,refined liquids,refined liquids (steam/CT),1984,1.2708242629825397
23,electricity generation,refined liquids,refined liquids (steam/CT),1985,1.4436300447585675
23,electricity generation,refined liquids,refined liquids (steam/CT),1986,1.4410315750824552
23,electricity generation,refined liquids,refined liquids (steam/CT),1987,1.4547472081163806
23,electricity generation,refined liquids,refined liquids (steam/CT),1988,1.502181798148964
23,electricity generation,refined liquids,refined liquids (steam/CT),1989,1.277478232875309
23,electricity generation,refined liquids,refined liquids (steam/CT),1990,1.6298359059936032
23,electricity generation,refined liquids,refined liquids (steam/CT),1991,1.735693468182828
23,electricity generation,refined liquids,refined liquids (steam/CT),1992,2.3121581339519177
23,electricity generation,refined liquids,refined liquids (steam/CT),1993,1.0319675543828224
23,electricity generation,refined liquids,refined liquids (steam/CT),1994,1.0126335783089115
23,electricity generation,refined liquids,refined liquids (steam/CT),1995,1.0572731215528388
23,electricity generation,refined liquids,refined liquids (steam/CT),1996,1.32246515727428
23,electricity generation,refined liquids,refined liquids (steam/CT),1997,1.306767510285805
23,electricity generation,refined liquids,refined liquids (steam/CT),1998,1.2218804033228083
23,electricity generation,refined liquids,refined liquids (steam/CT),1999,1.1669811517234199
23,electricity generation,refined liquids,refined liquids (steam/CT),2000,1.0979814100574843
23,electricity generation,refined liquids,refined liquids (steam/CT),2001,1.1277979483633012
23,electricity generation,refined liquids,refined liquids (steam/CT),2002,1.0746005423161267
23,electricity generation,refined liquids,refined liquids (steam/CT),2003,1.045150492495953
23,electricity generation,refined liquids,refined liquids (steam/CT),2004,0.9966992678366016
23,electricity generation,refined liquids,refined liquids (steam/CT),2005,0.9780798991479743
23,electricity generation,refined liquids,refined liquids (steam/CT),2006,0.9425806261486446
23,electricity generation,refined liquids,refined liquids (steam/CT),2007,0.8564080081835452
23,electricity generation,refined liquids,refined liquids (steam/CT),2008,0.7588963963963966
23,electricity generation,refined liquids,refined liquids (steam/CT),2009,0.7633976330034271
23,electricity generation,refined liquids,refined liquids (steam/CT),2010,0.6673276720169217
23,electricity generation,refined liquids,refined liquids (steam/CT),2011,0.6496300561202879
23,electricity generation,refined liquids,refined liquids (steam/CT),2012,0.6461369120969398
23,electricity generation,refined liquids,refined liquids (steam/CT),2013,0.5258539885007488
23,electricity generation,refined liquids,refined liquids (steam/CT),2014,0.5595367118972269
23,electricity generation,refined liquids,refined liquids (steam/CT),2015,0.4571156826828237
11,electricity generation,gas,gas (steam/CT),1971,0
11,electricity generation,gas,gas (steam/CT),1972,0
11,electricity generation,gas,gas (steam/CT),1973,0
11,electricity generation,gas,gas (steam/CT),1974,0
11,electricity generation,gas,gas (steam/CT),1975,0
11,electricity generation,gas,gas (steam/CT),1976,0
11,electricity generation,gas,gas (steam/CT),1977,0
11,electricity generation,gas,gas (steam/CT),1978,0
11,electricity generation,gas,gas (steam/CT),1979,0
11,electricity generation,gas,gas (steam/CT),1980,0
11,electricity generation,gas,gas (steam/CT),1981,0
11,electricity generation,gas,gas (steam/CT),1982,0
11,electricity generation,gas,gas (steam/CT),1983,0
11,electricity generation,gas,gas (steam/CT),1984,0
11,electricity generation,gas,gas (steam/CT),1985,0
11,electricity generation,gas,gas (steam/CT),1986,0
11,electricity generation,gas,gas (steam/CT),1987,0
11,electricity generation,gas,gas (steam/CT),1988,0
11,electricity generation,gas,gas (steam/CT),1989,0
11,electricity generation,gas,gas (steam/CT),1990,0
11,electricity generation,gas,gas (steam/CT),1991,0
11,electricity generation,gas,gas (steam/CT),1992,0
11,electricity generation,gas,gas (steam/CT),1993,0
11,electricity generation,gas,gas (steam/CT),1994,0
11,electricity generation,gas,gas (steam/CT),1995,0
11,electricity generation,gas,gas (steam/CT),1996,0
11,electricity generation,gas,gas (steam/CT),1997,0
11,electricity generation,gas,gas (steam/CT),1998,0
11,electricity generation,gas,gas (steam/CT),1999,0
11,electricity generation,gas,gas (steam/CT),2000,0
11,electricity generation,gas,gas (steam/CT),2001,0
11,electricity generation,gas,gas (steam/CT),2002,0
11,electricity generation,gas,gas (steam/CT),2003,0
11,electricity generation,gas,gas (steam/CT),2004,0
11,electricity generation,gas,gas (steam/CT),2005,0.8129922835261282
11,electricity generation,gas,gas (steam/CT),2006,0.8560068105283829
11,electricity generation,gas,gas (steam/CT),2007,0.8492663117504576
11,electricity generation,gas,gas (steam/CT),2008,0.770496502751664
11,electricity generation,gas,gas (steam/CT),2009,0.7426057609370176
11,electricity generation,gas,gas (steam/CT),2010,0.7550880956170791
11,electricity generation,gas,gas (steam/CT),2011,0.72011828861573
11,electricity generation,gas,gas (steam/CT),2012,0.7462727532778053
11,electricity generation,gas,gas (steam/CT),2013,0.7983682419605037
11,electricity generation,gas,gas (steam/CT),2014,0.8561568359621016
11,electricity generation,gas,gas (steam/CT),2015,0.8745047708641619
12,electricity generation,gas,gas (steam/CT),1971,1.1311268842952782
12,electricity generation,gas,gas (steam/CT),1972,1.0359043274970476
12,electricity generation,gas,gas (steam/CT),1973,0.9482720606771262
12,electricity generation,gas,gas (steam/CT),1974,0.9288979392227369
12,electricity generation,gas,gas (steam/CT),1975,0.9825585988665261
12,electricity generation,gas,gas (steam/CT),1976,0.776923054238382
12,electricity generation,gas,gas (steam/CT),1977,0.767318811260622
12,electricity generation,gas,gas (steam/CT),1978,0.7180095263742514
12,electricity generation,gas,gas (steam/CT),1979,0.8659939886470629
12,electricity generation,gas,gas (steam/CT),1980,2.495257440773301
12,electricity generation,gas,gas (steam/CT),1981,2.97095448361232
12,electricity generation,gas,gas (steam/CT),1982,2.30886852361447
12,electricity generation,gas,gas (steam/CT),1983,1.8864634329907388
12,electricity generation,gas,gas (steam/CT),1984,2.349040768224589
12,electricity generation,gas,gas (steam/CT),1985,0.8421161741108985
12,electricity generation,gas,gas (steam/CT),1986,0.8389099442228275
12,electricity generation,gas,gas (steam/CT),1987,0.9052468777745587
12,electricity generation,gas,gas (steam/CT),1988,0.9317014247575095
12,electricity generation,gas,gas (steam/CT),1989,1.136394078759674
12,electricity generation,gas,gas (steam/CT),1990,1.2856104083453788
12,electricity generation,gas,gas (steam/CT),1991,1.3542659531648609
12,electricity generation,gas,gas (steam/CT),1992,2.0715195299694886
12,electricity generation,gas,gas (steam/CT),1993,1.6912188341938565
12,electricity generation,gas,gas (steam/CT),1994,1.464611951544659
12,electricity generation,gas,gas (steam/CT),1995,1.5919332336821126
12,electricity generation,gas,gas (steam/CT),1996,1.4736988527838084
12,electricity generation,gas,gas (steam/CT),1997,2.1138417767699194
12,electricity generation,gas,gas (steam/CT),1998,1.9656384459630472
12,electricity generation,gas,gas (steam/CT),1999,1.6476147599871436
12,electricity generation,gas,gas (steam/CT),2000,1.5463819715990947
12,electricity generation,gas,gas (steam/CT),2001,1.56128304196473
12,electricity generation,gas,gas (steam/CT),2002,1.307877075041529
12,electricity generation,gas,gas (steam/CT),2003,1.39155240443059
12,electricity generation,gas,gas (steam/CT),2004,1.4284781930844146
12,electricity generation,gas,gas (steam/CT),2005,1.3501743657289806
12,electricity generation,gas,gas (steam/CT),2006,1.2624914484007417
12,electricity generation,gas,gas (steam/CT),2007,1.1474236781220022
12,electricity generation,gas,gas (steam/CT),2008,1.14197507788162
12,electricity generation,gas,gas (steam/CT),2009,1.344939518885507
12,electricity generation,gas,gas (steam/CT),2010,1.3056096364723
12,electricity generation,gas,gas (steam/CT),2011,1.180205599912842
12,electricity generation,gas,gas (steam/CT),2012,1.131965072922692
12,electricity generation,gas,gas (steam/CT),2013,1.2118105756358768
12,electricity generation,gas,gas (steam/CT),2014,1.2836474283470751
12,electricity generation,gas,gas (steam/CT),2015,1.0821132658047892
14,electricity generation,gas,gas (steam/CT),1971,2.1649379783584055
14,electricity generation,gas,gas (steam/CT),1972,1.943493373701419
14,electricity generation,gas,gas (steam/CT),1973,1.7282458025591234
14,electricity generation,gas,gas (steam/CT),1974,1.3705378394811747
14,electricity generation,gas,gas (steam/CT),1975,1.112218966305091
14,electricity generation,gas,gas (steam/CT),1976,1.095626477541371
14,electricity generation,gas,gas (steam/CT),1977,1.2003589267991086
14,electricity generation,gas,gas (steam/CT),1978,1.2876049141117634
14,electricity generation,gas,gas (steam/CT),1979,1.3688132958968038
14,electricity generation,gas,gas (steam/CT),1980,1.2812338626165718
14,electricity generation,gas,gas (steam/CT),1981,1.2223941916206986
14,electricity generation,gas,gas (steam/CT),1982,1.1475994256434845
14,electricity generation,gas,gas (steam/CT),1983,1.1579779641607217
14,electricity generation,gas,gas (steam/CT),1984,1.1611490377762683
14,electricity generation,gas,gas (steam/CT),1985,1.1852845336644395
14,electricity generation,gas,gas (steam/CT),1986,1.1744495222896247
14,electricity generation,gas,gas (steam/CT),1987,1.2066998693851598
14,electricity generation,gas,gas (steam/CT),1988,1.2439051531213192
14,electricity generation,gas,gas (steam/CT),1989,1.2715321864255456
14,electricity generation,gas,gas (steam/CT),1990,1.1612873587168753
14,electricity generation,gas,gas (steam/CT),1991,1.1040401786062923
14,electricity generation,gas,gas (steam/CT),1992,1.1422195576871834
14,electricity generation,gas,gas (steam/CT),1993,1.1408117214858717
14,electricity generation,gas,gas (steam/CT),1994,1.0383782151890268
14,electricity generation,gas,gas (steam/CT),1995,1.076086616376983
14,electricity generation,gas,gas (steam/CT),1996,1.0836453350926385
14,electricity generation,gas,gas (steam/CT),1997,0.9779044919184994
14,electricity generation,gas,gas (steam/CT),1998,0.9545885548037528
14,electricity generation,gas,gas (steam/CT),1999,0.9225793488878172
14,electricity generation,gas,gas (steam/CT),2000,0.8867755678623924
14,electricity generation,gas,gas (steam/CT),2001,0.9293473405541417
14,electricity generation,gas,gas (steam/CT),2002,0.8799083368749537
14,electricity generation,gas,gas (steam/CT),2003,0.7655114607386534
14,electricity generation,gas,gas (steam/CT),2004,0.7764087732202697
14,electricity generation,gas,gas (steam/CT),2005,1.1451640553362836
14,electricity generation,gas,gas (steam/CT),2006,1.1912054775081595
14,electricity generation,gas,gas (steam/CT),2007,1.0660995260757604
14,electricity generation,gas,gas (steam/CT),2008,1.059483934202676
14,electricity generation,gas,gas (steam/CT),2009,1.1491413793005556
14,electricity generation,gas,gas (steam/CT),2010,1.1931496836086348
14,electricity generation,gas,gas (steam/CT),2011,1.1596037235437517
14,electricity generation,gas,gas (steam/CT),2012,1.257152998870911
14,electricity generation,gas,gas (steam/CT),2013,1.2016865524356328
14,electricity generation,gas,gas (steam/CT),2014,1.069037797547938
14,electricity generation,gas,gas (steam/CT),2015,0.9584228018224341
15,electricity generation,gas,gas (steam/CT),1971,0
15,electricity generation,gas,gas (steam/CT),1972,0
15,electricity generation,gas,gas (steam/CT),1973,0
15,electricity generation,gas,gas (steam/CT),1974,0
15,electricity generation,gas,gas (steam/CT),1975,0
15,electricity generation,gas,gas (steam/CT),1976,0
15,electricity generation,gas,gas (steam/CT),1977,0
15,electricity generation,gas,gas (steam/CT),1978,0
15,electricity generation,gas,gas (steam/CT),1979,0
15,electricity generation,gas,gas (steam/CT),1980,0
15,electricity generation,gas,gas (steam/CT),1981,0
15,electricity generation,gas,gas (steam/CT),1982,0
15,electricity generation,gas,gas (steam/CT),1983,0
15,electricity generation,gas,gas (steam/CT),1984,0
15,electricity generation,gas,gas (steam/CT),1985,0
15,electricity generation,gas,gas (steam/CT),1986,0
15,electricity generation,gas,gas (steam/CT),1987,0
15,electricity generation,gas,gas (steam/CT),1988,0.5823276305766578
15,electricity generation,gas,gas (steam/CT),1989,0.2999545508238055
15,electricity generation,gas,gas (steam/CT),1990,0.5811184453047279
15,electricity generation,gas,gas (steam/CT),1991,1.4356837199319434
15,electricity generation,gas,gas (steam/CT),1992,0.5780871334844215
15,electricity generation,gas,gas (steam/CT),1993,0.5705362562113944
15,electricity generation,gas,gas (steam/CT),1994,4.26677925574859
15,electricity generation,gas,gas (steam/CT),1995,0.2515321391239608
15,electricity generation,gas,gas (steam/CT),1996,0.17166029832662558
15,electricity generation,gas,gas (steam/CT),1997,0.3267116643635877
15,electricity generation,gas,gas (steam/CT),1998,1.0001692604330528
15,electricity generation,gas,gas (steam/CT),1999,1.1960267109618619
15,electricity generation,gas,gas (steam/CT),2000,0.527345211550538
15,electricity generation,gas,gas (steam/CT),2001,0.5133078276810599
15,electricity generation,gas,gas (steam/CT),2002,0.4762562412832302
15,electricity generation,gas,gas (steam/CT),2003,0.4539554887606634
15,electricity generation,gas,gas (steam/CT),2004,0.7197824135663854
15,electricity generation,gas,gas (steam/CT),2005,0.8517161983740463
15,electricity generation,gas,gas (steam/CT),2006,1.0124337166821258
15,electricity generation,gas,gas (steam/CT),2007,2.436173178663324
15,electricity generation,gas,gas (steam/CT),2008,1.090359256867408
15,electricity generation,gas,gas (steam/CT),2009,0.5399191855278741
15,electricity generation,gas,gas (steam/CT),2010,0.40867518153244886
15,electricity generation,gas,gas (steam/CT),2011,0.4634951525614633
15,electricity generation,gas,gas (steam/CT),2012,0.458307061382602
15,electricity generation,gas,gas (steam/CT),2013,0.5858702537848554
15,electricity generation,gas,gas (steam/CT),2014,0.8455590320844744
15,electricity generation,gas,gas (steam/CT),2015,0.5010456464473143
23,electricity generation,gas,gas (steam/CT),1971,2.164937978358406
23,electricity generation,gas,gas (steam/CT),1972,1.9434933737014193
23,electricity generation,gas,gas (steam/CT),1973,1.7282458025591234
23,electricity generation,gas,gas (steam/CT),1974,1.3705378394811745
23,electricity generation,gas,gas (steam/CT),1975,1.1122189663050912
23,electricity generation,gas,gas (steam/CT),1976,1.0956264775413713
23,electricity generation,gas,gas (steam/CT),1977,1.2003589267991084
23,electricity generation,gas,gas (steam/CT),1978,1.2876049141117634
23,electricity generation,gas,gas (steam/CT),1979,1.3688132958968038
23,electricity generation,gas,gas (steam/CT),1980,1.2812338626165718
23,electricity generation,gas,gas (steam/CT),1981,1.2223941916206986
23,electricity generation,gas,gas (steam/CT),1982,1.1475994256434845
23,electricity generation,gas,gas (steam/CT),1983,1.1579779641607217
23,electricity generation,gas,gas (steam/CT),1984,1.1611490377762685
23,electricity generation,gas,gas (steam/CT),1985,1.1852845336644395
23,electricity generation,gas,gas (steam/CT),1986,1.1744495222896247
23,electricity generation,gas,gas (steam/CT),1987,1.2066998693851596
23,electricity generation,gas,gas (steam/CT),1988,1.2439051531213192
23,electricity generation,gas,gas (steam/CT),1989,1.2715321864255453
23,electricity generation,gas,gas (steam/CT),1990,1.7749733190403845
23,electricity generation,gas,gas (steam/CT),1991,1.6970864265748458
23,electricity generation,gas,gas (steam/CT),1992,1.9723307197876265
23,electricity generation,gas,gas (steam/CT),1993,1.990158678191397
23,electricity generation,gas,gas (steam/CT),1994,1.7723784265983584
23,electricity generation,gas,gas (steam/CT),1995,1.7357111838894321
23,electricity generation,gas,gas (steam/CT),1996,1.4588856417038472
23,electricity generation,gas,gas (steam/CT),1997,1.4521850136927252
23,electricity generation,gas,gas (steam/CT),1998,1.2975908086726875
23,electricity generation,gas,gas (steam/CT),1999,1.2519872754665586
23,electricity generation,gas,gas (steam/CT),2000,1.1958248074286646
23,electricity generation,gas,gas (steam/CT),2001,1.2186630565996062
23,electricity generation,gas,gas (steam/CT),2002,1.1809747973638551
23,electricity generation,gas,gas (steam/CT),2003,1.1557529057446532
23,electricity generation,gas,gas (steam/CT),2004,1.0935990444066415
23,electricity generation,gas,gas (steam/CT),2005,1.0299705725824124
23,electricity generation,gas,gas (steam/CT),2006,0.9907432164614499
23,electricity generation,gas,gas (steam/CT),2007,0.9278532781168475
23,electricity generation,gas,gas (steam/CT),2008,0.8740216473492874
23,electricity generation,gas,gas (steam/CT),2009,0.9035062780523834
23,electricity generation,gas,gas (steam/CT),2010,0.8936446249420134
23,electricity generation,gas,gas (steam/CT),2011,0.9751822773990857
23,electricity generation,gas,gas (steam/CT),2012,1.0259625815928062
23,electricity generation,gas,gas (steam/CT),2013,1.082463077193436
23,electricity generation,gas,gas (steam/CT),2014,1.1096808847234763
23,electricity generation,gas,gas (steam/CT),2015,1.026865779485506
