# Sum of electricty generation, including industrial CHP secondary input
GCAM_region_ID,sector,fuel,year,value
1,electricity ownuse,electricity,1971,6.132168000000001
1,electricity ownuse,electricity,1972,6.663992400000001
1,electricity ownuse,electricity,1973,7.075832400000001
1,electricity ownuse,electricity,1974,7.046406
1,electricity ownuse,electricity,1975,7.240176000000001
1,electricity ownuse,electricity,1976,7.696645200000001
1,electricity ownuse,electricity,1977,8.0368344
1,electricity ownuse,electricity,1978,8.3391912
1,electricity ownuse,electricity,1979,8.4947868
1,electricity ownuse,electricity,1980,8.738352
1,electricity ownuse,electricity,1981,8.7732864
1,electricity ownuse,electricity,1982,8.555886000000001
1,electricity ownuse,electricity,1983,8.816544
1,electricity ownuse,electricity,1984,9.2259828
1,electricity ownuse,electricity,1985,9.4389444
1,electricity ownuse,electricity,1986,9.5030064
1,electricity ownuse,electricity,1987,9.7818732
1,electricity ownuse,electricity,1988,10.2889512
1,electricity ownuse,electricity,1989,11.2602132
1,electricity ownuse,electricity,1990,11.5297092
1,electricity ownuse,electricity,1991,11.717316000000002
1,electricity ownuse,electricity,1992,11.773908
1,electricity ownuse,electricity,1993,12.209191200000001
1,electricity ownuse,electricity,1994,12.426393600000003
1,electricity ownuse,electricity,1995,12.8101464
1,electricity ownuse,electricity,1996,13.144478400000002
1,electricity ownuse,electricity,1997,13.219992000000001
1,electricity ownuse,electricity,1998,13.6962144
1,electricity ownuse,electricity,1999,13.9450968
1,electricity ownuse,electricity,2000,14.493186000000001
1,electricity ownuse,electricity,2001,13.819791600000002
1,electricity ownuse,electricity,2002,14.49369
1,electricity ownuse,electricity,2003,14.594544
1,electricity ownuse,electricity,2004,14.9322348
1,electricity ownuse,electricity,2005,15.3666648
1,electricity ownuse,electricity,2006,15.387948000000002
1,electricity ownuse,electricity,2007,15.5641392
1,electricity ownuse,electricity,2008,15.633428400000001
1,electricity ownuse,electricity,2009,14.994100800000002
1,electricity ownuse,electricity,2010,15.666177600000003
1,electricity ownuse,electricity,2011,15.565460400000003
1,electricity ownuse,electricity,2012,15.3648648
1,electricity ownuse,electricity,2013,15.4231704
1,electricity ownuse,electricity,2014,15.541938
1,electricity ownuse,electricity,2015,15.455800800000002
2,electricity ownuse,electricity,1971,0.012534762124579588
2,electricity ownuse,electricity,1972,0.013828770533138891
2,electricity ownuse,electricity,1973,0.014511842543502304
2,electricity ownuse,electricity,1974,0.01544402951524442
2,electricity ownuse,electricity,1975,0.016183937290302573
2,electricity ownuse,electricity,1976,0.017517768556740542
2,electricity ownuse,electricity,1977,0.01783936084734882
2,electricity ownuse,electricity,1978,0.018324453316561597
2,electricity ownuse,electricity,1979,0.021373123937617866
2,electricity ownuse,electricity,1980,0.021303071917843534
2,electricity ownuse,electricity,1981,0.021398152009845926
2,electricity ownuse,electricity,1982,0.022266579332169915
2,electricity ownuse,electricity,1983,0.023385914259445632
2,electricity ownuse,electricity,1984,0.024794180421697253
2,electricity ownuse,electricity,1985,0.026762643829175207
2,electricity ownuse,electricity,1986,0.028445262112086714
2,electricity ownuse,electricity,1987,0.030365159478603854
2,electricity ownuse,electricity,1988,0.03121469839828606
2,electricity ownuse,electricity,1989,0.0321689605417918
2,electricity ownuse,electricity,1990,0.03449836311887924
2,electricity ownuse,electricity,1991,0.0364951781059345
2,electricity ownuse,electricity,1992,0.03810518955152126
2,electricity ownuse,electricity,1993,0.040346509631467374
2,electricity ownuse,electricity,1994,0.04191609044323876
2,electricity ownuse,electricity,1995,0.044334391632129745
2,electricity ownuse,electricity,1996,0.0473611636954415
2,electricity ownuse,electricity,1997,0.0501340647746833
2,electricity ownuse,electricity,1998,0.05140855202411719
2,electricity ownuse,electricity,1999,0.053839985149014426
2,electricity ownuse,electricity,2000,0.05398828173753713
2,electricity ownuse,electricity,2001,0.05975771915325493
2,electricity ownuse,electricity,2002,0.06271293372606736
2,electricity ownuse,electricity,2003,0.06717419310747422
2,electricity ownuse,electricity,2004,0.07129608579222267
2,electricity ownuse,electricity,2005,0.07615380505592573
2,electricity ownuse,electricity,2006,0.08235073354569
2,electricity ownuse,electricity,2007,0.08812803650759767
2,electricity ownuse,electricity,2008,0.09268213440437999
2,electricity ownuse,electricity,2009,0.09911270642216129
2,electricity ownuse,electricity,2010,0.11011772064708858
2,electricity ownuse,electricity,2011,0.11717886952324252
2,electricity ownuse,electricity,2012,0.1303353368790826
2,electricity ownuse,electricity,2013,0.1422236996975121
2,electricity ownuse,electricity,2014,0.1525733871670025
2,electricity ownuse,electricity,2015,0.16563641086484707
3,electricity ownuse,electricity,1971,0.050238410471909446
3,electricity ownuse,electricity,1972,0.05300368422182612
3,electricity ownuse,electricity,1973,0.058021784076411675
3,electricity ownuse,electricity,1974,0.06485520201815546
3,electricity ownuse,electricity,1975,0.07383097230210817
3,electricity ownuse,electricity,1976,0.08608776528082113
3,electricity ownuse,electricity,1977,0.09870189809465031
3,electricity ownuse,electricity,1978,0.10968916557173708
3,electricity ownuse,electricity,1979,0.1246951774497314
3,electricity ownuse,electricity,1980,0.1405535507776266
3,electricity ownuse,electricity,1981,0.15673942629867213
3,electricity ownuse,electricity,1982,0.16886542553060768
3,electricity ownuse,electricity,1983,0.1886814969624143
3,electricity ownuse,electricity,1984,0.20737239926567821
3,electricity ownuse,electricity,1985,0.22466126009531676
3,electricity ownuse,electricity,1986,0.23597444978829463
3,electricity ownuse,electricity,1987,0.25559989783086506
3,electricity ownuse,electricity,1988,0.27284867201300633
3,electricity ownuse,electricity,1989,0.28626771505173165
3,electricity ownuse,electricity,1990,0.3023289373550039
3,electricity ownuse,electricity,1991,0.31445631231048005
3,electricity ownuse,electricity,1992,0.32740278419423874
3,electricity ownuse,electricity,1993,0.34236464241185466
3,electricity ownuse,electricity,1994,0.3578757041108403
3,electricity ownuse,electricity,1995,0.3704660996121985
3,electricity ownuse,electricity,1996,0.39010507524467997
3,electricity ownuse,electricity,1997,0.4127039193516526
3,electricity ownuse,electricity,1998,0.4385851340796945
3,electricity ownuse,electricity,1999,0.47006308254063744
3,electricity ownuse,electricity,2000,0.5131191639370526
3,electricity ownuse,electricity,2001,0.5489339517910165
3,electricity ownuse,electricity,2002,0.5813051222226467
3,electricity ownuse,electricity,2003,0.6177466370744569
3,electricity ownuse,electricity,2004,0.6570259547990461
3,electricity ownuse,electricity,2005,0.710149246156965
3,electricity ownuse,electricity,2006,0.750053648642675
3,electricity ownuse,electricity,2007,0.8000416268284876
3,electricity ownuse,electricity,2008,0.8456588446193124
3,electricity ownuse,electricity,2009,0.8795251376808457
3,electricity ownuse,electricity,2010,0.9529185222254755
3,electricity ownuse,electricity,2011,0.9935270004691958
3,electricity ownuse,electricity,2012,1.0854818946822686
3,electricity ownuse,electricity,2013,1.1187607595704823
3,electricity ownuse,electricity,2014,1.1647802208789195
3,electricity ownuse,electricity,2015,1.2300408128496518
4,electricity ownuse,electricity,1971,0.02543671032261361
4,electricity ownuse,electricity,1972,0.03640361991180061
4,electricity ownuse,electricity,1973,0.04010809438982573
4,electricity ownuse,electricity,1974,0.052501860503719994
4,electricity ownuse,electricity,1975,0.05550732431968554
4,electricity ownuse,electricity,1976,0.0580441887444135
4,electricity ownuse,electricity,1977,0.06422687239210803
4,electricity ownuse,electricity,1978,0.06084900538970064
4,electricity ownuse,electricity,1979,0.06509153010635838
4,electricity ownuse,electricity,1980,0.05865572698695114
4,electricity ownuse,electricity,1981,0.0614635214194188
4,electricity ownuse,electricity,1982,0.06296530716076668
4,electricity ownuse,electricity,1983,0.06195685748595832
4,electricity ownuse,electricity,1984,0.06073155741021993
4,electricity ownuse,electricity,1985,0.0657955575924227
4,electricity ownuse,electricity,1986,0.0664436962815789
4,electricity ownuse,electricity,1987,0.06632040223128478
4,electricity ownuse,electricity,1988,0.0736876713470241
4,electricity ownuse,electricity,1989,0.07002610780105942
4,electricity ownuse,electricity,1990,0.07875819145905531
4,electricity ownuse,electricity,1991,0.08721654513800126
4,electricity ownuse,electricity,1992,0.07575422804579235
4,electricity ownuse,electricity,1993,0.07920529370453643
4,electricity ownuse,electricity,1994,0.0776615828965866
4,electricity ownuse,electricity,1995,0.07935618562793272
4,electricity ownuse,electricity,1996,0.07388264355757566
4,electricity ownuse,electricity,1997,0.07788198298080681
4,electricity ownuse,electricity,1998,0.09946307909445742
4,electricity ownuse,electricity,1999,0.10647947743851362
4,electricity ownuse,electricity,2000,0.11518686149750214
4,electricity ownuse,electricity,2001,0.12816179629849245
4,electricity ownuse,electricity,2002,0.13601597294192966
4,electricity ownuse,electricity,2003,0.1308135719029916
4,electricity ownuse,electricity,2004,0.14085209530510115
4,electricity ownuse,electricity,2005,0.1509389215240324
4,electricity ownuse,electricity,2006,0.15487440035739486
4,electricity ownuse,electricity,2007,0.1602315846998501
4,electricity ownuse,electricity,2008,0.16034889831907992
4,electricity ownuse,electricity,2009,0.17006410943793834
4,electricity ownuse,electricity,2010,0.17963901722273967
4,electricity ownuse,electricity,2011,0.18582239321669775
4,electricity ownuse,electricity,2012,0.18733844402794778
4,electricity ownuse,electricity,2013,0.2006829980150315
4,electricity ownuse,electricity,2014,0.23316552018093675
4,electricity ownuse,electricity,2015,0.24442724292304796
5,electricity ownuse,electricity,1971,0.04437850134677678
5,electricity ownuse,electricity,1972,0.04837725941098347
5,electricity ownuse,electricity,1973,0.05356183154083472
5,electricity ownuse,electricity,1974,0.05303239738840808
5,electricity ownuse,electricity,1975,0.05925059186609951
5,electricity ownuse,electricity,1976,0.06437355591418617
5,electricity ownuse,electricity,1977,0.06891410077251366
5,electricity ownuse,electricity,1978,0.0658423193322222
5,electricity ownuse,electricity,1979,0.07862910892188094
5,electricity ownuse,electricity,1980,0.08550479265396471
5,electricity ownuse,electricity,1981,0.08904417908701145
5,electricity ownuse,electricity,1982,0.09156866327786327
5,electricity ownuse,electricity,1983,0.08577487534788705
5,electricity ownuse,electricity,1984,0.08516634414297142
5,electricity ownuse,electricity,1985,0.09737032171883825
5,electricity ownuse,electricity,1986,0.10590929570682747
5,electricity ownuse,electricity,1987,0.11046111602347801
5,electricity ownuse,electricity,1988,0.11356888624690456
5,electricity ownuse,electricity,1989,0.12540023123860058
5,electricity ownuse,electricity,1990,0.12445417131931187
5,electricity ownuse,electricity,1991,0.12745629281711218
5,electricity ownuse,electricity,1992,0.13522215006717622
5,electricity ownuse,electricity,1993,0.13348852031043787
5,electricity ownuse,electricity,1994,0.13634353862725418
5,electricity ownuse,electricity,1995,0.1438861826723404
5,electricity ownuse,electricity,1996,0.14990938621761754
5,electricity ownuse,electricity,1997,0.1512452127389256
5,electricity ownuse,electricity,1998,0.14110692045125078
5,electricity ownuse,electricity,1999,0.15474163780760342
5,electricity ownuse,electricity,2000,0.15819784882837462
5,electricity ownuse,electricity,2001,0.16578072453535414
5,electricity ownuse,electricity,2002,0.18871650116820798
5,electricity ownuse,electricity,2003,0.18113128880781845
5,electricity ownuse,electricity,2004,0.20425164129935594
5,electricity ownuse,electricity,2005,0.20761120188126686
5,electricity ownuse,electricity,2006,0.2173597999563201
5,electricity ownuse,electricity,2007,0.21580873753043486
5,electricity ownuse,electricity,2008,0.21678696677069784
5,electricity ownuse,electricity,2009,0.21754140287218063
5,electricity ownuse,electricity,2010,0.24869640487014152
5,electricity ownuse,electricity,2011,0.2565905492700784
5,electricity ownuse,electricity,2012,0.26798799645887206
5,electricity ownuse,electricity,2013,0.28377185331027954
5,electricity ownuse,electricity,2014,0.3075018531106157
5,electricity ownuse,electricity,2015,0.31557284149821085
6,electricity ownuse,electricity,1971,0.24668280000000004
6,electricity ownuse,electricity,1972,0.2635056
6,electricity ownuse,electricity,1973,0.29859120000000006
6,electricity ownuse,electricity,1974,0.31835160000000007
6,electricity ownuse,electricity,1975,0.33891480000000007
6,electricity ownuse,electricity,1976,0.35225280000000003
6,electricity ownuse,electricity,1977,0.3755448
6,electricity ownuse,electricity,1978,0.3888648
6,electricity ownuse,electricity,1979,0.40581000000000006
6,electricity ownuse,electricity,1980,0.424188
6,electricity ownuse,electricity,1981,0.45245520000000006
6,electricity ownuse,electricity,1982,0.46577880000000005
6,electricity ownuse,electricity,1983,0.47523600000000005
6,electricity ownuse,electricity,1984,0.5001948
6,electricity ownuse,electricity,1985,0.5305824
6,electricity ownuse,electricity,1986,0.553248
6,electricity ownuse,electricity,1987,0.5771664
6,electricity ownuse,electricity,1988,0.6050844000000001
6,electricity ownuse,electricity,1989,0.6420060000000001
6,electricity ownuse,electricity,1990,0.6711408
6,electricity ownuse,electricity,1991,0.6829488
6,electricity ownuse,electricity,1992,0.6908436
6,electricity ownuse,electricity,1993,0.7105932
6,electricity ownuse,electricity,1994,0.7268256000000002
6,electricity ownuse,electricity,1995,0.7514748000000001
6,electricity ownuse,electricity,1996,0.7690428
6,electricity ownuse,electricity,1997,0.7905023999999999
6,electricity ownuse,electricity,1998,0.8370216
6,electricity ownuse,electricity,1999,0.8687592000000001
6,electricity ownuse,electricity,2000,0.8964072000000001
6,electricity ownuse,electricity,2001,0.9494352
6,electricity ownuse,electricity,2002,0.9642744000000001
6,electricity ownuse,electricity,2003,0.9403380000000001
6,electricity ownuse,electricity,2004,0.9747000000000002
6,electricity ownuse,electricity,2005,0.9759312000000001
6,electricity ownuse,electricity,2006,0.993726
6,electricity ownuse,electricity,2007,1.0319904
6,electricity ownuse,electricity,2008,1.0324764
6,electricity ownuse,electricity,2009,1.0491336
6,electricity ownuse,electricity,2010,1.07037
6,electricity ownuse,electricity,2011,1.0727424
6,electricity ownuse,electricity,2012,1.0619388
6,electricity ownuse,electricity,2013,1.0524924000000002
6,electricity ownuse,electricity,2014,1.0467288000000001
6,electricity ownuse,electricity,2015,1.063278
7,electricity ownuse,electricity,1971,0.1856808
7,electricity ownuse,electricity,1972,0.2057616
7,electricity ownuse,electricity,1973,0.23301360000000002
7,electricity ownuse,electricity,1974,0.2581164
7,electricity ownuse,electricity,1975,0.28416600000000003
7,electricity ownuse,electricity,1976,0.32411880000000004
7,electricity ownuse,electricity,1977,0.3636432
7,electricity ownuse,electricity,1978,0.40582440000000003
7,electricity ownuse,electricity,1979,0.45638639999999997
7,electricity ownuse,electricity,1980,0.5017680000000001
7,electricity ownuse,electricity,1981,0.5118732
7,electricity ownuse,electricity,1982,0.5475204
7,electricity ownuse,electricity,1983,0.5849748
7,electricity ownuse,electricity,1984,0.645804
7,electricity ownuse,electricity,1985,0.6972552000000001
7,electricity ownuse,electricity,1986,0.7276608
7,electricity ownuse,electricity,1987,0.7319916
7,electricity ownuse,electricity,1988,0.7738368276
7,electricity ownuse,electricity,1989,0.7984221384000001
7,electricity ownuse,electricity,1990,0.8021556000000001
7,electricity ownuse,electricity,1991,0.8437572
7,electricity ownuse,electricity,1992,0.8702352000000001
7,electricity ownuse,electricity,1993,0.9071826690000001
7,electricity ownuse,electricity,1994,0.9362581104000001
7,electricity ownuse,electricity,1995,0.9922464828
7,electricity ownuse,electricity,1996,1.0487113104
7,electricity ownuse,electricity,1997,1.1087352000000001
7,electricity ownuse,electricity,1998,1.1582928000000001
7,electricity ownuse,electricity,1999,1.2036600000000002
7,electricity ownuse,electricity,2000,1.2547368
7,electricity ownuse,electricity,2001,1.1810592
7,electricity ownuse,electricity,2002,1.2429252
7,electricity ownuse,electricity,2003,1.3099932
7,electricity ownuse,electricity,2004,1.3929084
7,electricity ownuse,electricity,2005,1.4480208
7,electricity ownuse,electricity,2006,1.5071436000000002
7,electricity ownuse,electricity,2007,1.5982631999999999
7,electricity ownuse,electricity,2008,1.6653132000000002
7,electricity ownuse,electricity,2009,1.6759368000000001
7,electricity ownuse,electricity,2010,1.8553032000000003
7,electricity ownuse,electricity,2011,1.9123236000000001
7,electricity ownuse,electricity,2012,1.9884276
7,electricity ownuse,electricity,2013,2.0547252
7,electricity ownuse,electricity,2014,2.125044
7,electricity ownuse,electricity,2015,2.0925432
8,electricity ownuse,electricity,1971,0.8012372358000001
8,electricity ownuse,electricity,1972,0.888681822
8,electricity ownuse,electricity,1973,0.9750129186000001
8,electricity ownuse,electricity,1974,1.0232258772000002
8,electricity ownuse,electricity,1975,0.9993187872000001
8,electricity ownuse,electricity,1976,1.07343
8,electricity ownuse,electricity,1977,1.159164
8,electricity ownuse,electricity,1978,1.2343428
8,electricity ownuse,electricity,1979,1.2926736
8,electricity ownuse,electricity,1980,1.343682
8,electricity ownuse,electricity,1981,1.4055336
8,electricity ownuse,electricity,1982,1.3943556000000001
8,electricity ownuse,electricity,1983,1.4680584
8,electricity ownuse,electricity,1984,1.5732108
8,electricity ownuse,electricity,1985,1.6519572000000002
8,electricity ownuse,electricity,1986,1.68642
8,electricity ownuse,electricity,1987,1.7864676000000002
8,electricity ownuse,electricity,1988,1.8209628000000002
8,electricity ownuse,electricity,1989,1.7980164000000003
8,electricity ownuse,electricity,1990,1.7353476
8,electricity ownuse,electricity,1991,1.8304596
8,electricity ownuse,electricity,1992,1.8730044000000001
8,electricity ownuse,electricity,1993,1.9156212
8,electricity ownuse,electricity,1994,2.0004228
8,electricity ownuse,electricity,1995,2.0160180000000003
8,electricity ownuse,electricity,1996,2.0625444
8,electricity ownuse,electricity,1997,2.06496
8,electricity ownuse,electricity,1998,2.0219364
8,electricity ownuse,electricity,1999,2.0842020000000003
8,electricity ownuse,electricity,2000,2.1801456000000003
8,electricity ownuse,electricity,2001,2.123208
8,electricity ownuse,electricity,2002,2.1641688
8,electricity ownuse,electricity,2003,2.1223512
8,electricity ownuse,electricity,2004,2.159514
8,electricity ownuse,electricity,2005,2.2336596
8,electricity ownuse,electricity,2006,2.1995028000000003
8,electricity ownuse,electricity,2007,2.2613148
8,electricity ownuse,electricity,2008,2.2728456
8,electricity ownuse,electricity,2009,2.194308
8,electricity ownuse,electricity,2010,2.173914
8,electricity ownuse,electricity,2011,2.2798584
8,electricity ownuse,electricity,2012,2.2798043999999997
8,electricity ownuse,electricity,2013,2.3710823999999997
8,electricity ownuse,electricity,2014,2.378574
8,electricity ownuse,electricity,2015,2.3992884
9,electricity ownuse,electricity,1971,0.07946649768123243
9,electricity ownuse,electricity,1972,0.08821227861911911
9,electricity ownuse,electricity,1973,0.09790486552370037
9,electricity ownuse,electricity,1974,0.10086731915869698
9,electricity ownuse,electricity,1975,0.10083230993458503
9,electricity ownuse,electricity,1976,0.11195249690534456
9,electricity ownuse,electricity,1977,0.1205835551341508
9,electricity ownuse,electricity,1978,0.12727385361796806
9,electricity ownuse,electricity,1979,0.13323510870637645
9,electricity ownuse,electricity,1980,0.13863606370058545
9,electricity ownuse,electricity,1981,0.14115115620302926
9,electricity ownuse,electricity,1982,0.1427608561313408
9,electricity ownuse,electricity,1983,0.1494820314532807
9,electricity ownuse,electricity,1984,0.15605820322818864
9,electricity ownuse,electricity,1985,0.15918119019634056
9,electricity ownuse,electricity,1986,0.16857170553660097
9,electricity ownuse,electricity,1987,0.17836394187057986
9,electricity ownuse,electricity,1988,0.18230404324765279
9,electricity ownuse,electricity,1989,0.18837975740681281
9,electricity ownuse,electricity,1990,0.1977025166241217
9,electricity ownuse,electricity,1991,0.19524074744591033
9,electricity ownuse,electricity,1992,0.21220081372235686
9,electricity ownuse,electricity,1993,0.21547496027720953
9,electricity ownuse,electricity,1994,0.22940690828107901
9,electricity ownuse,electricity,1995,0.24291715640349923
9,electricity ownuse,electricity,1996,0.25552587509625024
9,electricity ownuse,electricity,1997,0.2723351333679417
9,electricity ownuse,electricity,1998,0.29133513089473667
9,electricity ownuse,electricity,1999,0.31449150001042775
9,electricity ownuse,electricity,2000,0.32261436646283315
9,electricity ownuse,electricity,2001,0.32927648969274875
9,electricity ownuse,electricity,2002,0.34496763054614504
9,electricity ownuse,electricity,2003,0.3597432272053792
9,electricity ownuse,electricity,2004,0.3605471890754097
9,electricity ownuse,electricity,2005,0.37810929188377357
9,electricity ownuse,electricity,2006,0.3918237527418938
9,electricity ownuse,electricity,2007,0.4016066037275534
9,electricity ownuse,electricity,2008,0.3961574568067096
9,electricity ownuse,electricity,2009,0.39730561770281614
9,electricity ownuse,electricity,2010,0.4042320948311045
9,electricity ownuse,electricity,2011,0.41465021636375343
9,electricity ownuse,electricity,2012,0.43710550832856976
9,electricity ownuse,electricity,2013,0.4315584992453481
9,electricity ownuse,electricity,2014,0.43872125176656956
9,electricity ownuse,electricity,2015,0.4558605907947445
10,electricity ownuse,electricity,1971,0.5451174485375492
10,electricity ownuse,electricity,1972,0.5879203403291555
10,electricity ownuse,electricity,1973,0.6326356659514935
10,electricity ownuse,electricity,1974,0.6671456953058381
10,electricity ownuse,electricity,1975,0.7004013118655975
10,electricity ownuse,electricity,1976,0.7517414497672955
10,electricity ownuse,electricity,1977,0.7814478888898395
10,electricity ownuse,electricity,1978,0.8204290671841523
10,electricity ownuse,electricity,1979,0.8445114244977764
10,electricity ownuse,electricity,1980,0.8841822574722382
10,electricity ownuse,electricity,1981,0.8992221598842727
10,electricity ownuse,electricity,1982,0.9071286925506794
10,electricity ownuse,electricity,1983,0.9232152865836577
10,electricity ownuse,electricity,1984,0.9397446543764902
10,electricity ownuse,electricity,1985,0.9552486237775
10,electricity ownuse,electricity,1986,0.9842648730333756
10,electricity ownuse,electricity,1987,0.9998583706762214
10,electricity ownuse,electricity,1988,0.9998015193527949
10,electricity ownuse,electricity,1989,1.0084579819254074
10,electricity ownuse,electricity,1990,0.8740008000000001
10,electricity ownuse,electricity,1991,0.8551476000000001
10,electricity ownuse,electricity,1992,0.7929216
10,electricity ownuse,electricity,1993,0.7445052000000001
10,electricity ownuse,electricity,1994,0.6902280000000001
10,electricity ownuse,electricity,1995,0.6710796
10,electricity ownuse,electricity,1996,0.6424200000000001
10,electricity ownuse,electricity,1997,0.6067152
10,electricity ownuse,electricity,1998,0.5972688
10,electricity ownuse,electricity,1999,0.5978844000000001
10,electricity ownuse,electricity,2000,0.6200496000000001
10,electricity ownuse,electricity,2001,0.6413184
10,electricity ownuse,electricity,2002,0.6489072
10,electricity ownuse,electricity,2003,0.6876828
10,electricity ownuse,electricity,2004,0.7135092000000001
10,electricity ownuse,electricity,2005,0.7206768
10,electricity ownuse,electricity,2006,0.7468308
10,electricity ownuse,electricity,2007,0.7653276000000001
10,electricity ownuse,electricity,2008,0.7681967999999999
10,electricity ownuse,electricity,2009,0.7528644
10,electricity ownuse,electricity,2010,0.7900344000000001
10,electricity ownuse,electricity,2011,0.8296560000000001
10,electricity ownuse,electricity,2012,0.8684712
10,electricity ownuse,electricity,2013,0.9138312000000001
10,electricity ownuse,electricity,2014,0.9366768000000001
10,electricity ownuse,electricity,2015,0.9564588
11,electricity ownuse,electricity,1971,0.5208303023506416
11,electricity ownuse,electricity,1972,0.575600947476358
11,electricity ownuse,electricity,1973,0.6319594113516597
11,electricity ownuse,electricity,1974,0.6383927535118917
11,electricity ownuse,electricity,1975,0.740535412521869
11,electricity ownuse,electricity,1976,0.7731011639229755
11,electricity ownuse,electricity,1977,0.8488579545192935
11,electricity ownuse,electricity,1978,0.9611347601194211
11,electricity ownuse,electricity,1979,1.056224921927921
11,electricity ownuse,electricity,1980,1.1280173514350273
11,electricity ownuse,electricity,1981,1.1614922344918537
11,electricity ownuse,electricity,1982,1.232078852946235
11,electricity ownuse,electricity,1983,1.324755291320815
11,electricity ownuse,electricity,1984,1.4234495922120254
11,electricity ownuse,electricity,1985,1.5479814868890076
11,electricity ownuse,electricity,1986,1.695678068819509
11,electricity ownuse,electricity,1987,1.876012776743415
11,electricity ownuse,electricity,1988,2.0549467711300062
11,electricity ownuse,electricity,1989,2.2042244844665895
11,electricity ownuse,electricity,1990,2.34116194936211
11,electricity ownuse,electricity,1991,2.5543700408415613
11,electricity ownuse,electricity,1992,2.840708088175476
11,electricity ownuse,electricity,1993,3.148060786778107
11,electricity ownuse,electricity,1994,3.4383537615395454
11,electricity ownuse,electricity,1995,3.7293773093902165
11,electricity ownuse,electricity,1996,3.9916795364466098
11,electricity ownuse,electricity,1997,4.193813770676676
11,electricity ownuse,electricity,1998,4.316595062531089
11,electricity ownuse,electricity,1999,4.5704507507952306
11,electricity ownuse,electricity,2000,4.994035202079665
11,electricity ownuse,electricity,2001,5.4487963813343825
11,electricity ownuse,electricity,2002,6.079161368111138
11,electricity ownuse,electricity,2003,7.0072152267656245
11,electricity ownuse,electricity,2004,8.066952413189608
11,electricity ownuse,electricity,2005,9.14078469404404
11,electricity ownuse,electricity,2006,10.457206100766486
11,electricity ownuse,electricity,2007,11.955498370961987
11,electricity ownuse,electricity,2008,12.619482394346411
11,electricity ownuse,electricity,2009,13.514501227546086
11,electricity ownuse,electricity,2010,15.248977937525193
11,electricity ownuse,electricity,2011,17.079482411308035
11,electricity ownuse,electricity,2012,18.086024940959312
11,electricity ownuse,electricity,2013,19.713915634320212
11,electricity ownuse,electricity,2014,20.54169234461204
11,electricity ownuse,electricity,2015,21.175669870231722
12,electricity ownuse,electricity,1971,0.7354742468035852
12,electricity ownuse,electricity,1972,0.8015233683280734
12,electricity ownuse,electricity,1973,0.8552059989527075
12,electricity ownuse,electricity,1974,0.9153088183281167
12,electricity ownuse,electricity,1975,0.9832244226905836
12,electricity ownuse,electricity,1976,1.0565871347090428
12,electricity ownuse,electricity,1977,1.1114959514357696
12,electricity ownuse,electricity,1978,1.1776996896360774
12,electricity ownuse,electricity,1979,1.1856186844593026
12,electricity ownuse,electricity,1980,1.240762274124095
12,electricity ownuse,electricity,1981,1.2435229070483327
12,electricity ownuse,electricity,1982,1.2785232482889062
12,electricity ownuse,electricity,1983,1.3394819979947192
12,electricity ownuse,electricity,1984,1.410748832578502
12,electricity ownuse,electricity,1985,1.4293447177441838
12,electricity ownuse,electricity,1986,1.47546910631501
12,electricity ownuse,electricity,1987,1.5178071374182678
12,electricity ownuse,electricity,1988,1.5356192087087375
12,electricity ownuse,electricity,1989,1.5495076965613588
12,electricity ownuse,electricity,1990,1.5293016000000001
12,electricity ownuse,electricity,1991,1.4787180000000002
12,electricity ownuse,electricity,1992,1.3850892000000001
12,electricity ownuse,electricity,1993,1.3814748000000003
12,electricity ownuse,electricity,1994,1.3833431999999999
12,electricity ownuse,electricity,1995,1.4476176000000003
12,electricity ownuse,electricity,1996,1.494234
12,electricity ownuse,electricity,1997,1.4781960000000003
12,electricity ownuse,electricity,1998,1.4855256000000003
12,electricity ownuse,electricity,1999,1.4480712
12,electricity ownuse,electricity,2000,1.5007320000000002
12,electricity ownuse,electricity,2001,1.5490728
12,electricity ownuse,electricity,2002,1.5606828000000001
12,electricity ownuse,electricity,2003,1.6128288000000002
12,electricity ownuse,electricity,2004,1.6322436
12,electricity ownuse,electricity,2005,1.6506648000000002
12,electricity ownuse,electricity,2006,1.6844004000000001
12,electricity ownuse,electricity,2007,1.695942
12,electricity ownuse,electricity,2008,1.6882488
12,electricity ownuse,electricity,2009,1.6096284
12,electricity ownuse,electricity,2010,1.6621236000000001
12,electricity ownuse,electricity,2011,1.6992108000000001
12,electricity ownuse,electricity,2012,1.6615044
12,electricity ownuse,electricity,2013,1.6416792
12,electricity ownuse,electricity,2014,1.644552
12,electricity ownuse,electricity,2015,1.652238
13,electricity ownuse,electricity,1971,4.117880945807578
13,electricity ownuse,electricity,1972,4.387083385672141
13,electricity ownuse,electricity,1973,4.721362215756068
13,electricity ownuse,electricity,1974,4.7957607523360055
13,electricity ownuse,electricity,1975,4.794771384073
13,electricity ownuse,electricity,1976,5.181032493483264
13,electricity ownuse,electricity,1977,5.331791628018379
13,electricity ownuse,electricity,1978,5.589890462136253
13,electricity ownuse,electricity,1979,5.850602332710808
13,electricity ownuse,electricity,1980,5.924761139738901
13,electricity ownuse,electricity,1981,5.947238021627736
13,electricity ownuse,electricity,1982,5.969466440907178
13,electricity ownuse,electricity,1983,6.128118295854485
13,electricity ownuse,electricity,1984,6.426556338221776
13,electricity ownuse,electricity,1985,6.760513275787117
13,electricity ownuse,electricity,1986,6.92275131130623
13,electricity ownuse,electricity,1987,7.157838247066787
13,electricity ownuse,electricity,1988,7.326278731265222
13,electricity ownuse,electricity,1989,7.496446630566726
13,electricity ownuse,electricity,1990,7.71535761023985
13,electricity ownuse,electricity,1991,7.922517353337942
13,electricity ownuse,electricity,1992,7.952660718333628
13,electricity ownuse,electricity,1993,7.971298504941386
13,electricity ownuse,electricity,1994,8.122514441824437
13,electricity ownuse,electricity,1995,8.320955898646428
13,electricity ownuse,electricity,1996,8.626600444385845
13,electricity ownuse,electricity,1997,8.692514544615294
13,electricity ownuse,electricity,1998,8.905479944792495
13,electricity ownuse,electricity,1999,9.044295840849047
13,electricity ownuse,electricity,2000,9.27887843497772
13,electricity ownuse,electricity,2001,9.528364514473468
13,electricity ownuse,electricity,2002,9.589631360378847
13,electricity ownuse,electricity,2003,9.863763072846623
13,electricity ownuse,electricity,2004,10.071154985481558
13,electricity ownuse,electricity,2005,10.123872583423909
13,electricity ownuse,electricity,2006,10.270957133182728
13,electricity ownuse,electricity,2007,10.315459097770704
13,electricity ownuse,electricity,2008,10.341355237859872
13,electricity ownuse,electricity,2009,9.828506840934152
13,electricity ownuse,electricity,2010,10.288621171864774
13,electricity ownuse,electricity,2011,10.071754651779708
13,electricity ownuse,electricity,2012,10.081612157635002
13,electricity ownuse,electricity,2013,9.995205212607008
13,electricity ownuse,electricity,2014,9.70741720040088
13,electricity ownuse,electricity,2015,9.875381964442342
14,electricity ownuse,electricity,1971,0.7053305598040989
14,electricity ownuse,electricity,1972,0.793153867444522
14,electricity ownuse,electricity,1973,0.8827291252080602
14,electricity ownuse,electricity,1974,0.9532588481409915
14,electricity ownuse,electricity,1975,1.0319032907938928
14,electricity ownuse,electricity,1976,1.1230873176322038
14,electricity ownuse,electricity,1977,1.17218655797144
14,electricity ownuse,electricity,1978,1.222116249587347
14,electricity ownuse,electricity,1979,1.2718446355614765
14,electricity ownuse,electricity,1980,1.377667426406414
14,electricity ownuse,electricity,1981,1.4329226565621431
14,electricity ownuse,electricity,1982,1.4522616014038983
14,electricity ownuse,electricity,1983,1.4727940120958123
14,electricity ownuse,electricity,1984,1.49226625812749
14,electricity ownuse,electricity,1985,1.4971619057794983
14,electricity ownuse,electricity,1986,1.5039692126236914
14,electricity ownuse,electricity,1987,1.5343251117979264
14,electricity ownuse,electricity,1988,1.534210343052338
14,electricity ownuse,electricity,1989,1.5498998316835368
14,electricity ownuse,electricity,1990,1.2757428
14,electricity ownuse,electricity,1991,1.1961000000000002
14,electricity ownuse,electricity,1992,1.0903248
14,electricity ownuse,electricity,1993,0.9888624
14,electricity ownuse,electricity,1994,0.8769348000000001
14,electricity ownuse,electricity,1995,0.8149104000000001
14,electricity ownuse,electricity,1996,0.7699068
14,electricity ownuse,electricity,1997,0.7572024
14,electricity ownuse,electricity,1998,0.7293168
14,electricity ownuse,electricity,1999,0.736218
14,electricity ownuse,electricity,2000,0.7307136
14,electricity ownuse,electricity,2001,0.7338852
14,electricity ownuse,electricity,2002,0.7409556
14,electricity ownuse,electricity,2003,0.7661016000000002
14,electricity ownuse,electricity,2004,0.7886376000000002
14,electricity ownuse,electricity,2005,0.8023104000000001
14,electricity ownuse,electricity,2006,0.8320896000000001
14,electricity ownuse,electricity,2007,0.8423496
14,electricity ownuse,electricity,2008,0.8411616000000001
14,electricity ownuse,electricity,2009,0.7566948
14,electricity ownuse,electricity,2010,0.8274168000000001
14,electricity ownuse,electricity,2011,0.8385624
14,electricity ownuse,electricity,2012,0.8458704
14,electricity ownuse,electricity,2013,0.8270064
14,electricity ownuse,electricity,2014,0.7995276
14,electricity ownuse,electricity,2015,0.7263864
15,electricity ownuse,electricity,1971,0.09984594212555327
15,electricity ownuse,electricity,1972,0.11321505829176551
15,electricity ownuse,electricity,1973,0.1253054810538359
15,electricity ownuse,electricity,1974,0.13634042409137592
15,electricity ownuse,electricity,1975,0.1482274082505432
15,electricity ownuse,electricity,1976,0.16772190853136143
15,electricity ownuse,electricity,1977,0.18686910892234856
15,electricity ownuse,electricity,1978,0.19816983783858888
15,electricity ownuse,electricity,1979,0.21110008873856498
15,electricity ownuse,electricity,1980,0.22514310712920077
15,electricity ownuse,electricity,1981,0.23377501062273418
15,electricity ownuse,electricity,1982,0.24006984608261242
15,electricity ownuse,electricity,1983,0.2529224879698832
15,electricity ownuse,electricity,1984,0.2745531135312111
15,electricity ownuse,electricity,1985,0.2923997574158266
15,electricity ownuse,electricity,1986,0.3238449600630441
15,electricity ownuse,electricity,1987,0.3470222782812265
15,electricity ownuse,electricity,1988,0.36817299259472824
15,electricity ownuse,electricity,1989,0.38298231757198087
15,electricity ownuse,electricity,1990,0.46462679999999995
15,electricity ownuse,electricity,1991,0.46756080000000005
15,electricity ownuse,electricity,1992,0.4555584000000001
15,electricity ownuse,electricity,1993,0.451332
15,electricity ownuse,electricity,1994,0.475326
15,electricity ownuse,electricity,1995,0.5137704000000001
15,electricity ownuse,electricity,1996,0.5699232000000001
15,electricity ownuse,electricity,1997,0.6100164000000001
15,electricity ownuse,electricity,1998,0.6442200000000001
15,electricity ownuse,electricity,1999,0.6577092000000001
15,electricity ownuse,electricity,2000,0.6952356000000001
15,electricity ownuse,electricity,2001,0.6931224000000001
15,electricity ownuse,electricity,2002,0.7188192000000001
15,electricity ownuse,electricity,2003,0.7727436000000001
15,electricity ownuse,electricity,2004,0.8311068
15,electricity ownuse,electricity,2005,0.8754300000000002
15,electricity ownuse,electricity,2006,0.9299268
15,electricity ownuse,electricity,2007,0.9655200000000002
15,electricity ownuse,electricity,2008,1.0114236
15,electricity ownuse,electricity,2009,1.012806
15,electricity ownuse,electricity,2010,1.0964484
15,electricity ownuse,electricity,2011,1.1280528
15,electricity ownuse,electricity,2012,1.1524176
15,electricity ownuse,electricity,2013,1.2034872
15,electricity ownuse,electricity,2014,1.2013632
15,electricity ownuse,electricity,2015,1.2488688000000001
16,electricity ownuse,electricity,1971,0.34678800000000004
16,electricity ownuse,electricity,1972,0.36455400000000004
16,electricity ownuse,electricity,1973,0.40379760000000003
16,electricity ownuse,electricity,1974,0.4180356
16,electricity ownuse,electricity,1975,0.4417308
16,electricity ownuse,electricity,1976,0.4340376
16,electricity ownuse,electricity,1977,0.4347828
16,electricity ownuse,electricity,1978,0.45286560000000003
16,electricity ownuse,electricity,1979,0.49415040000000005
16,electricity ownuse,electricity,1980,0.48639240000000006
16,electricity ownuse,electricity,1981,0.5331239999999999
16,electricity ownuse,electricity,1982,0.5360688
16,electricity ownuse,electricity,1983,0.5833151999999999
16,electricity ownuse,electricity,1984,0.5751432000000001
16,electricity ownuse,electricity,1985,0.5837976
16,electricity ownuse,electricity,1986,0.5663556000000001
16,electricity ownuse,electricity,1987,0.6005088000000001
16,electricity ownuse,electricity,1988,0.6245568
16,electricity ownuse,electricity,1989,0.637866
16,electricity ownuse,electricity,1990,0.6517512
16,electricity ownuse,electricity,1991,0.6187860000000001
16,electricity ownuse,electricity,1992,0.6476904000000001
16,electricity ownuse,electricity,1993,0.6669216000000001
16,electricity ownuse,electricity,1994,0.6568488
16,electricity ownuse,electricity,1995,0.6818400000000001
16,electricity ownuse,electricity,1996,0.597582
16,electricity ownuse,electricity,1997,0.6407964
16,electricity ownuse,electricity,1998,0.6658452000000001
16,electricity ownuse,electricity,1999,0.713052
16,electricity ownuse,electricity,2000,0.778518
16,electricity ownuse,electricity,2001,0.7211628000000001
16,electricity ownuse,electricity,2002,0.7345152000000001
16,electricity ownuse,electricity,2003,0.6498792
16,electricity ownuse,electricity,2004,0.6570612000000001
16,electricity ownuse,electricity,2005,0.7330464
16,electricity ownuse,electricity,2006,0.6955272
16,electricity ownuse,electricity,2007,0.7718580000000002
16,electricity ownuse,electricity,2008,0.8084592
16,electricity ownuse,electricity,2009,0.7718976000000001
16,electricity ownuse,electricity,2010,0.7423272000000001
16,electricity ownuse,electricity,2011,0.7427016
16,electricity ownuse,electricity,2012,0.8361504000000001
16,electricity ownuse,electricity,2013,0.7923744
16,electricity ownuse,electricity,2014,0.8250372
16,electricity ownuse,electricity,2015,0.8207928000000001
17,electricity ownuse,electricity,1971,0.2389824
17,electricity ownuse,electricity,1972,0.2538576
17,electricity ownuse,electricity,1973,0.2620656
17,electricity ownuse,electricity,1974,0.27604080000000003
17,electricity ownuse,electricity,1975,0.30933360000000004
17,electricity ownuse,electricity,1976,0.344214
17,electricity ownuse,electricity,1977,0.3561408
17,electricity ownuse,electricity,1978,0.39646440000000005
17,electricity ownuse,electricity,1979,0.4061556
17,electricity ownuse,electricity,1980,0.43347240000000004
17,electricity ownuse,electricity,1981,0.47638800000000003
17,electricity ownuse,electricity,1982,0.5093352
17,electricity ownuse,electricity,1983,0.547002
17,electricity ownuse,electricity,1984,0.6187716000000001
17,electricity ownuse,electricity,1985,0.6699096
17,electricity ownuse,electricity,1986,0.7342956
17,electricity ownuse,electricity,1987,0.7987896
17,electricity ownuse,electricity,1988,0.8795520000000001
17,electricity ownuse,electricity,1989,0.9785448
17,electricity ownuse,electricity,1990,1.0538352000000002
17,electricity ownuse,electricity,1991,1.1493216
17,electricity ownuse,electricity,1992,1.2138516000000001
17,electricity ownuse,electricity,1993,1.299042
17,electricity ownuse,electricity,1994,1.4069268000000001
17,electricity ownuse,electricity,1995,1.525176
17,electricity ownuse,electricity,1996,1.5949116
17,electricity ownuse,electricity,1997,1.7016408
17,electricity ownuse,electricity,1998,1.8135036
17,electricity ownuse,electricity,1999,1.9647756000000003
17,electricity ownuse,electricity,2000,2.0508768
17,electricity ownuse,electricity,2001,2.1174156
17,electricity ownuse,electricity,2002,2.2014108
17,electricity ownuse,electricity,2003,2.3435424
17,electricity ownuse,electricity,2004,2.463012
17,electricity ownuse,electricity,2005,2.5771212
17,electricity ownuse,electricity,2006,2.7865620000000004
17,electricity ownuse,electricity,2007,2.9666484000000004
17,electricity ownuse,electricity,2008,3.0619152000000005
17,electricity ownuse,electricity,2009,3.3029604000000004
17,electricity ownuse,electricity,2010,3.5334828000000003
17,electricity ownuse,electricity,2011,3.8666916000000002
17,electricity ownuse,electricity,2012,4.0509756
17,electricity ownuse,electricity,2013,4.293432
17,electricity ownuse,electricity,2014,4.6610748
17,electricity ownuse,electricity,2015,4.9466052000000005
18,electricity ownuse,electricity,1971,0.006321600000000001
18,electricity ownuse,electricity,1972,0.0071892
18,electricity ownuse,electricity,1973,0.008532000000000001
18,electricity ownuse,electricity,1974,0.0094716
18,electricity ownuse,electricity,1975,0.010764000000000001
18,electricity ownuse,electricity,1976,0.00918
18,electricity ownuse,electricity,1977,0.0111096
18,electricity ownuse,electricity,1978,0.0176724
18,electricity ownuse,electricity,1979,0.0223092
18,electricity ownuse,electricity,1980,0.027007200000000002
18,electricity ownuse,electricity,1981,0.030985200000000004
18,electricity ownuse,electricity,1982,0.0380592
18,electricity ownuse,electricity,1983,0.043596
18,electricity ownuse,electricity,1984,0.049039200000000005
18,electricity ownuse,electricity,1985,0.05075280000000001
18,electricity ownuse,electricity,1986,0.0702252
18,electricity ownuse,electricity,1987,0.08271
18,electricity ownuse,electricity,1988,0.09072360000000002
18,electricity ownuse,electricity,1989,0.09977760000000001
18,electricity ownuse,electricity,1990,0.1176012
18,electricity ownuse,electricity,1991,0.13442400000000002
18,electricity ownuse,electricity,1992,0.14944680000000002
18,electricity ownuse,electricity,1993,0.16344
18,electricity ownuse,electricity,1994,0.18488880000000002
18,electricity ownuse,electricity,1995,0.21309480000000003
18,electricity ownuse,electricity,1996,0.2438064
18,electricity ownuse,electricity,1997,0.2686572
18,electricity ownuse,electricity,1998,0.2809368
18,electricity ownuse,electricity,1999,0.309294
18,electricity ownuse,electricity,2000,0.33597000000000005
18,electricity ownuse,electricity,2001,0.3645144
18,electricity ownuse,electricity,2002,0.38958119999999996
18,electricity ownuse,electricity,2003,0.4067064
18,electricity ownuse,electricity,2004,0.43258680000000005
18,electricity ownuse,electricity,2005,0.4591044
18,electricity ownuse,electricity,2006,0.4790592
18,electricity ownuse,electricity,2007,0.5117436000000001
18,electricity ownuse,electricity,2008,0.5375736
18,electricity ownuse,electricity,2009,0.5643864000000001
18,electricity ownuse,electricity,2010,0.611118
18,electricity ownuse,electricity,2011,0.6603012
18,electricity ownuse,electricity,2012,0.7201080000000001
18,electricity ownuse,electricity,2013,0.777672
18,electricity ownuse,electricity,2014,0.8203536
18,electricity ownuse,electricity,2015,0.8423424
19,electricity ownuse,electricity,1971,1.3273164000000002
19,electricity ownuse,electricity,1972,1.471086
19,electricity ownuse,electricity,1973,1.6032744
19,electricity ownuse,electricity,1974,1.5577740000000002
19,electricity ownuse,electricity,1975,1.6067844000000002
19,electricity ownuse,electricity,1976,1.7295192000000001
19,electricity ownuse,electricity,1977,1.8255780000000001
19,electricity ownuse,electricity,1978,1.9256616000000002
19,electricity ownuse,electricity,1979,2.0185848
19,electricity ownuse,electricity,1980,1.9636092
19,electricity ownuse,electricity,1981,1.9886796000000002
19,electricity ownuse,electricity,1982,1.9886508
19,electricity ownuse,electricity,1983,2.110482
19,electricity ownuse,electricity,1984,2.2002012
19,electricity ownuse,electricity,1985,2.2803516000000004
19,electricity ownuse,electricity,1986,2.2966128
19,electricity ownuse,electricity,1987,2.446092
19,electricity ownuse,electricity,1988,2.5672104
19,electricity ownuse,electricity,1989,2.7312408
19,electricity ownuse,electricity,1990,3.1015512
19,electricity ownuse,electricity,1991,3.1914072
19,electricity ownuse,electricity,1992,3.2168952
19,electricity ownuse,electricity,1993,3.2327496000000004
19,electricity ownuse,electricity,1994,3.4439616
19,electricity ownuse,electricity,1995,3.5158968
19,electricity ownuse,electricity,1996,3.5891964
19,electricity ownuse,electricity,1997,3.6701064000000003
19,electricity ownuse,electricity,1998,3.6593964000000003
19,electricity ownuse,electricity,1999,3.7291068000000003
19,electricity ownuse,electricity,2000,3.7981764
19,electricity ownuse,electricity,2001,3.7350504
19,electricity ownuse,electricity,2002,3.8056860000000006
19,electricity ownuse,electricity,2003,3.778128
19,electricity ownuse,electricity,2004,3.8834748
19,electricity ownuse,electricity,2005,3.9578940000000005
19,electricity ownuse,electricity,2006,3.9740976000000003
19,electricity ownuse,electricity,2007,4.0732344000000005
19,electricity ownuse,electricity,2008,3.9669768000000003
19,electricity ownuse,electricity,2009,3.9067884000000004
19,electricity ownuse,electricity,2010,4.190454
19,electricity ownuse,electricity,2011,3.9741984
19,electricity ownuse,electricity,2012,3.9304584
19,electricity ownuse,electricity,2013,3.9555144
19,electricity ownuse,electricity,2014,3.8615616000000004
19,electricity ownuse,electricity,2015,3.7965456000000004
20,electricity ownuse,electricity,1971,0.1117404
20,electricity ownuse,electricity,1972,0.12369600000000001
20,electricity ownuse,electricity,1973,0.13356
20,electricity ownuse,electricity,1974,0.14754240000000002
20,electricity ownuse,electricity,1975,0.1581264
20,electricity ownuse,electricity,1976,0.17108640000000003
20,electricity ownuse,electricity,1977,0.1881324
20,electricity ownuse,electricity,1978,0.205164
20,electricity ownuse,electricity,1979,0.223506
20,electricity ownuse,electricity,1980,0.2410632
20,electricity ownuse,electricity,1981,0.2633652
20,electricity ownuse,electricity,1982,0.28817280000000006
20,electricity ownuse,electricity,1983,0.2947572
20,electricity ownuse,electricity,1984,0.312948
20,electricity ownuse,electricity,1985,0.3347604
20,electricity ownuse,electricity,1986,0.34968240000000006
20,electricity ownuse,electricity,1987,0.3744072
20,electricity ownuse,electricity,1988,0.39550320000000005
20,electricity ownuse,electricity,1989,0.42373800000000006
20,electricity ownuse,electricity,1990,0.41701320000000003
20,electricity ownuse,electricity,1991,0.46285200000000004
20,electricity ownuse,electricity,1992,0.4783104000000001
20,electricity ownuse,electricity,1993,0.48842280000000005
20,electricity ownuse,electricity,1994,0.5296716
20,electricity ownuse,electricity,1995,0.5480927999999999
20,electricity ownuse,electricity,1996,0.5676876000000001
20,electricity ownuse,electricity,1997,0.6029748
20,electricity ownuse,electricity,1998,0.65629440000000006
20,electricity ownuse,electricity,1999,0.689436
20,electricity ownuse,electricity,2000,0.74043
20,electricity ownuse,electricity,2001,0.7703568
20,electricity ownuse,electricity,2002,0.7855956000000001
20,electricity ownuse,electricity,2003,0.8503812000000001
20,electricity ownuse,electricity,2004,0.8552988000000001
20,electricity ownuse,electricity,2005,0.9027648000000001
20,electricity ownuse,electricity,2006,0.9280872000000001
20,electricity ownuse,electricity,2007,0.9549792
20,electricity ownuse,electricity,2008,0.9695340000000001
20,electricity ownuse,electricity,2009,0.9639144000000002
20,electricity ownuse,electricity,2010,0.9919332
20,electricity ownuse,electricity,2011,1.0899036
20,electricity ownuse,electricity,2012,1.1060208000000002
20,electricity ownuse,electricity,2013,1.0703736000000001
20,electricity ownuse,electricity,2014,1.0853856000000002
20,electricity ownuse,electricity,2015,1.1185632
21,electricity ownuse,electricity,1971,0.09852840000000002
21,electricity ownuse,electricity,1972,0.1134792
21,electricity ownuse,electricity,1973,0.1308744
21,electricity ownuse,electricity,1974,0.1481328
21,electricity ownuse,electricity,1975,0.1665864
21,electricity ownuse,electricity,1976,0.1925568
21,electricity ownuse,electricity,1977,0.2190024
21,electricity ownuse,electricity,1978,0.2524248
21,electricity ownuse,electricity,1979,0.3088476
21,electricity ownuse,electricity,1980,0.3424572
21,electricity ownuse,electricity,1981,0.3888432
21,electricity ownuse,electricity,1982,0.4602312
21,electricity ownuse,electricity,1983,0.5105952
21,electricity ownuse,electricity,1984,0.5825448000000001
21,electricity ownuse,electricity,1985,0.6330132
21,electricity ownuse,electricity,1986,0.6770664000000001
21,electricity ownuse,electricity,1987,0.7419636000000001
21,electricity ownuse,electricity,1988,0.793224
21,electricity ownuse,electricity,1989,0.8370576000000001
21,electricity ownuse,electricity,1990,0.8801460000000001
21,electricity ownuse,electricity,1991,0.8860896000000001
21,electricity ownuse,electricity,1992,1.0077588
21,electricity ownuse,electricity,1993,1.1119032000000002
21,electricity ownuse,electricity,1994,1.187262
21,electricity ownuse,electricity,1995,1.2447504
21,electricity ownuse,electricity,1996,1.3177188000000002
21,electricity ownuse,electricity,1997,1.4034456000000002
21,electricity ownuse,electricity,1998,1.5161796
21,electricity ownuse,electricity,1999,1.6009380000000002
21,electricity ownuse,electricity,2000,1.6999164000000002
21,electricity ownuse,electricity,2001,1.7994816000000002
21,electricity ownuse,electricity,2002,1.9205784000000001
21,electricity ownuse,electricity,2003,2.0309904000000003
21,electricity ownuse,electricity,2004,2.1552408
21,electricity ownuse,electricity,2005,2.3247864000000003
21,electricity ownuse,electricity,2006,2.4839532
21,electricity ownuse,electricity,2007,2.6348544
21,electricity ownuse,electricity,2008,2.8290420000000003
21,electricity ownuse,electricity,2009,2.9461068000000004
21,electricity ownuse,electricity,2010,3.2102208
21,electricity ownuse,electricity,2011,3.29877
21,electricity ownuse,electricity,2012,3.4501932
21,electricity ownuse,electricity,2013,3.5590212000000006
21,electricity ownuse,electricity,2014,3.8044332000000005
21,electricity ownuse,electricity,2015,4.0050144
22,electricity ownuse,electricity,1971,0.0272592
22,electricity ownuse,electricity,1972,0.0272592
22,electricity ownuse,electricity,1973,0.030157200000000002
22,electricity ownuse,electricity,1974,0.032630400000000004
22,electricity ownuse,electricity,1975,0.0357876
22,electricity ownuse,electricity,1976,0.037152000000000004
22,electricity ownuse,electricity,1977,0.0391572
22,electricity ownuse,electricity,1978,0.04455
22,electricity ownuse,electricity,1979,0.051026400000000006
22,electricity ownuse,electricity,1980,0.0539064
22,electricity ownuse,electricity,1981,0.057823200000000005
22,electricity ownuse,electricity,1982,0.0636768
22,electricity ownuse,electricity,1983,0.0709092
22,electricity ownuse,electricity,1984,0.0787428
22,electricity ownuse,electricity,1985,0.08281080000000002
22,electricity ownuse,electricity,1986,0.0921204
22,electricity ownuse,electricity,1987,0.10333080000000001
22,electricity ownuse,electricity,1988,0.1191276
22,electricity ownuse,electricity,1989,0.12456360000000001
22,electricity ownuse,electricity,1990,0.13562280000000002
22,electricity ownuse,electricity,1991,0.1478736
22,electricity ownuse,electricity,1992,0.175716
22,electricity ownuse,electricity,1993,0.1823256
22,electricity ownuse,electricity,1994,0.19279800000000002
22,electricity ownuse,electricity,1995,0.2050452
22,electricity ownuse,electricity,1996,0.21285
22,electricity ownuse,electricity,1997,0.223758
22,electricity ownuse,electricity,1998,0.23554080000000002
22,electricity ownuse,electricity,1999,0.23680800000000002
22,electricity ownuse,electricity,2000,0.2452176
22,electricity ownuse,electricity,2001,0.26074800000000004
22,electricity ownuse,electricity,2002,0.2725344
22,electricity ownuse,electricity,2003,0.290988
22,electricity ownuse,electricity,2004,0.3082644
22,electricity ownuse,electricity,2005,0.33706440000000004
22,electricity ownuse,electricity,2006,0.3535668
22,electricity ownuse,electricity,2007,0.3443796
22,electricity ownuse,electricity,2008,0.32981760000000004
22,electricity ownuse,electricity,2009,0.3432852
22,electricity ownuse,electricity,2010,0.33978240000000004
22,electricity ownuse,electricity,2011,0.342324
22,electricity ownuse,electricity,2012,0.34605
22,electricity ownuse,electricity,2013,0.3746736
22,electricity ownuse,electricity,2014,0.3851568
22,electricity ownuse,electricity,2015,0.40067280000000005
23,electricity ownuse,electricity,1971,1.5159925040521898
23,electricity ownuse,electricity,1972,1.5883477357830675
23,electricity ownuse,electricity,1973,1.6574741555248338
23,electricity ownuse,electricity,1974,1.7665340509005811
23,electricity ownuse,electricity,1975,1.869546965614371
23,electricity ownuse,electricity,1976,1.9796120169266815
23,electricity ownuse,electricity,1977,2.037755952441171
23,electricity ownuse,electricity,1978,2.1319360387087407
23,electricity ownuse,electricity,1979,2.186252268704747
23,electricity ownuse,electricity,1980,2.2317460355163115
23,electricity ownuse,electricity,1981,2.2729398466975335
23,electricity ownuse,electricity,1982,2.3933013915047106
23,electricity ownuse,electricity,1983,2.5384356878572296
23,electricity ownuse,electricity,1984,2.755814323254019
23,electricity ownuse,electricity,1985,2.9264070778227627
23,electricity ownuse,electricity,1986,3.0927775959372945
23,electricity ownuse,electricity,1987,3.2763328097751954
23,electricity ownuse,electricity,1988,3.4122694421431694
23,electricity ownuse,electricity,1989,3.44995089623117
23,electricity ownuse,electricity,1990,3.8957472000000006
23,electricity ownuse,electricity,1991,3.8453868000000004
23,electricity ownuse,electricity,1992,3.63042
23,electricity ownuse,electricity,1993,3.4405272000000005
23,electricity ownuse,electricity,1994,3.1495716000000002
23,electricity ownuse,electricity,1995,3.0924936000000005
23,electricity ownuse,electricity,1996,3.0461976
23,electricity ownuse,electricity,1997,2.9994264000000004
23,electricity ownuse,electricity,1998,2.9742804000000005
23,electricity ownuse,electricity,1999,3.0432492
23,electricity ownuse,electricity,2000,3.1552848000000004
23,electricity ownuse,electricity,2001,3.2015988
23,electricity ownuse,electricity,2002,3.2015232
23,electricity ownuse,electricity,2003,3.2915808
23,electricity ownuse,electricity,2004,3.3476580000000005
23,electricity ownuse,electricity,2005,3.4241724000000002
23,electricity ownuse,electricity,2006,3.5779140000000003
23,electricity ownuse,electricity,2007,3.6482364
23,electricity ownuse,electricity,2008,3.7383516
23,electricity ownuse,electricity,2009,3.5641620000000005
23,electricity ownuse,electricity,2010,3.7300176
23,electricity ownuse,electricity,2011,3.7908036000000003
23,electricity ownuse,electricity,2012,3.8495268
23,electricity ownuse,electricity,2013,3.8073204000000005
23,electricity ownuse,electricity,2014,3.8243988000000004
23,electricity ownuse,electricity,2015,3.8362428000000004
24,electricity ownuse,electricity,1971,0.1967292
24,electricity ownuse,electricity,1972,0.2142648
24,electricity ownuse,electricity,1973,0.23180400000000004
24,electricity ownuse,electricity,1974,0.2507112
24,electricity ownuse,electricity,1975,0.2696184
24,electricity ownuse,electricity,1976,0.28568879999999996
24,electricity ownuse,electricity,1977,0.2891628
24,electricity ownuse,electricity,1978,0.3041856
24,electricity ownuse,electricity,1979,0.32309280000000007
24,electricity ownuse,electricity,1980,0.35622360000000003
24,electricity ownuse,electricity,1981,0.4091616
24,electricity ownuse,electricity,1982,0.4284432000000001
24,electricity ownuse,electricity,1983,0.4360392
24,electricity ownuse,electricity,1984,0.48693600000000004
24,electricity ownuse,electricity,1985,0.5089824000000001
24,electricity ownuse,electricity,1986,0.5272416
24,electricity ownuse,electricity,1987,0.5421564000000001
24,electricity ownuse,electricity,1988,0.5642568
24,electricity ownuse,electricity,1989,0.584352
24,electricity ownuse,electricity,1990,0.5953860000000001
24,electricity ownuse,electricity,1991,0.5994432000000001
24,electricity ownuse,electricity,1992,0.6003252
24,electricity ownuse,electricity,1993,0.6240996
24,electricity ownuse,electricity,1994,0.6486227999999999
24,electricity ownuse,electricity,1995,0.6673716000000001
24,electricity ownuse,electricity,1996,0.7181856000000001
24,electricity ownuse,electricity,1997,0.7479144000000001
24,electricity ownuse,electricity,1998,0.7306344
24,electricity ownuse,electricity,1999,0.7215192
24,electricity ownuse,electricity,2000,0.7482132
24,electricity ownuse,electricity,2001,0.7494012000000001
24,electricity ownuse,electricity,2002,0.7868016000000001
24,electricity ownuse,electricity,2003,0.8324784000000001
24,electricity ownuse,electricity,2004,0.8673480000000001
24,electricity ownuse,electricity,2005,0.8711172
24,electricity ownuse,electricity,2006,0.9028404000000001
24,electricity ownuse,electricity,2007,0.9378000000000001
24,electricity ownuse,electricity,2008,0.9198684000000001
24,electricity ownuse,electricity,2009,0.888534
24,electricity ownuse,electricity,2010,0.9239328
24,electricity ownuse,electricity,2011,0.9344736000000001
24,electricity ownuse,electricity,2012,0.9176868
24,electricity ownuse,electricity,2013,0.9114912000000002
24,electricity ownuse,electricity,2014,0.8980956000000001
24,electricity ownuse,electricity,2015,0.8882496000000001
25,electricity ownuse,electricity,1971,0.06251815651119016
25,electricity ownuse,electricity,1972,0.06979433570874032
25,electricity ownuse,electricity,1973,0.07675811872023158
25,electricity ownuse,electricity,1974,0.08206392850529819
25,electricity ownuse,electricity,1975,0.08469390599241504
25,electricity ownuse,electricity,1976,0.09299300961139152
25,electricity ownuse,electricity,1977,0.10262281684747146
25,electricity ownuse,electricity,1978,0.11274408424577906
25,electricity ownuse,electricity,1979,0.1319577585828162
25,electricity ownuse,electricity,1980,0.14958359656051481
25,electricity ownuse,electricity,1981,0.1595944221692355
25,electricity ownuse,electricity,1982,0.1606755029614818
25,electricity ownuse,electricity,1983,0.17500007269223541
25,electricity ownuse,electricity,1984,0.18228225855003583
25,electricity ownuse,electricity,1985,0.18991313401654214
25,electricity ownuse,electricity,1986,0.20100258315717026
25,electricity ownuse,electricity,1987,0.2160362110626327
25,electricity ownuse,electricity,1988,0.2319068254871254
25,electricity ownuse,electricity,1989,0.23020921202646183
25,electricity ownuse,electricity,1990,0.2376350731360299
25,electricity ownuse,electricity,1991,0.252666699216148
25,electricity ownuse,electricity,1992,0.2684588679440157
25,electricity ownuse,electricity,1993,0.27725853478140555
25,electricity ownuse,electricity,1994,0.28522744989448356
25,electricity ownuse,electricity,1995,0.29424374495007305
25,electricity ownuse,electricity,1996,0.3024168805179052
25,electricity ownuse,electricity,1997,0.3126203220167663
25,electricity ownuse,electricity,1998,0.32241292431277024
25,electricity ownuse,electricity,1999,0.32443865914052555
25,electricity ownuse,electricity,2000,0.3436907985594473
25,electricity ownuse,electricity,2001,0.36243139583378453
25,electricity ownuse,electricity,2002,0.3702642090750092
25,electricity ownuse,electricity,2003,0.37162489994799724
25,electricity ownuse,electricity,2004,0.39654702544303283
25,electricity ownuse,electricity,2005,0.4234025246923191
25,electricity ownuse,electricity,2006,0.4410807140753784
25,electricity ownuse,electricity,2007,0.4549042985017426
25,electricity ownuse,electricity,2008,0.47230770533341754
25,electricity ownuse,electricity,2009,0.473329941363033
25,electricity ownuse,electricity,2010,0.45179273330412373
25,electricity ownuse,electricity,2011,0.466955131856538
25,electricity ownuse,electricity,2012,0.48344033403642817
25,electricity ownuse,electricity,2013,0.48268348814764617
25,electricity ownuse,electricity,2014,0.4106095478325518
25,electricity ownuse,electricity,2015,0.4811882447629147
26,electricity ownuse,electricity,1971,0.0691524
26,electricity ownuse,electricity,1972,0.072576
26,electricity ownuse,electricity,1973,0.0748152
26,electricity ownuse,electricity,1974,0.0797796
26,electricity ownuse,electricity,1975,0.0802692
26,electricity ownuse,electricity,1976,0.0856656
26,electricity ownuse,electricity,1977,0.09241200000000001
26,electricity ownuse,electricity,1978,0.0975708
26,electricity ownuse,electricity,1979,0.1042344
26,electricity ownuse,electricity,1980,0.11567520000000002
26,electricity ownuse,electricity,1981,0.1219752
26,electricity ownuse,electricity,1982,0.12925440000000002
26,electricity ownuse,electricity,1983,0.1351764
26,electricity ownuse,electricity,1984,0.14367600000000003
26,electricity ownuse,electricity,1985,0.15543
26,electricity ownuse,electricity,1986,0.1939104
26,electricity ownuse,electricity,1987,0.22684320000000002
26,electricity ownuse,electricity,1988,0.23403600000000002
26,electricity ownuse,electricity,1989,0.2500236
26,electricity ownuse,electricity,1990,0.27168840000000005
26,electricity ownuse,electricity,1991,0.2882268
26,electricity ownuse,electricity,1992,0.2920788000000001
26,electricity ownuse,electricity,1993,0.31783320000000004
26,electricity ownuse,electricity,1994,0.3461292
26,electricity ownuse,electricity,1995,0.3749868
26,electricity ownuse,electricity,1996,0.4034916
26,electricity ownuse,electricity,1997,0.4431240000000001
26,electricity ownuse,electricity,1998,0.464886
26,electricity ownuse,electricity,1999,0.4708188
26,electricity ownuse,electricity,2000,0.48803040000000003
26,electricity ownuse,electricity,2001,0.47846160000000004
26,electricity ownuse,electricity,2002,0.5023548
26,electricity ownuse,electricity,2003,0.5255316
26,electricity ownuse,electricity,2004,0.5424192
26,electricity ownuse,electricity,2005,0.5558472
26,electricity ownuse,electricity,2006,0.5812344
26,electricity ownuse,electricity,2007,0.6253092000000001
26,electricity ownuse,electricity,2008,0.6516036
26,electricity ownuse,electricity,2009,0.6558012
26,electricity ownuse,electricity,2010,0.6756156
26,electricity ownuse,electricity,2011,0.7224084000000001
26,electricity ownuse,electricity,2012,0.759816
26,electricity ownuse,electricity,2013,0.7898256
26,electricity ownuse,electricity,2014,0.7805952
26,electricity ownuse,electricity,2015,0.8187948
27,electricity ownuse,electricity,1971,0.013989974820235571
27,electricity ownuse,electricity,1972,0.016552373663241086
27,electricity ownuse,electricity,1973,0.019448430864242878
27,electricity ownuse,electricity,1974,0.021125892648060328
27,electricity ownuse,electricity,1975,0.022338573086579796
27,electricity ownuse,electricity,1976,0.02342170338183862
27,electricity ownuse,electricity,1977,0.024626569454569834
27,electricity ownuse,electricity,1978,0.026317210896770003
27,electricity ownuse,electricity,1979,0.029519737603230577
27,electricity ownuse,electricity,1980,0.030867296789028685
27,electricity ownuse,electricity,1981,0.032437002144995244
27,electricity ownuse,electricity,1982,0.03424383637217869
27,electricity ownuse,electricity,1983,0.03588539730797685
27,electricity ownuse,electricity,1984,0.03989731635995101
27,electricity ownuse,electricity,1985,0.03868867429387797
27,electricity ownuse,electricity,1986,0.0417266427902581
27,electricity ownuse,electricity,1987,0.04606668157965472
27,electricity ownuse,electricity,1988,0.05061748496462451
27,electricity ownuse,electricity,1989,0.05397108882394571
27,electricity ownuse,electricity,1990,0.05843345321768109
27,electricity ownuse,electricity,1991,0.06178226127493639
27,electricity ownuse,electricity,1992,0.06426007524004751
27,electricity ownuse,electricity,1993,0.06894885263801719
27,electricity ownuse,electricity,1994,0.07341355587579666
27,electricity ownuse,electricity,1995,0.07957993049677889
27,electricity ownuse,electricity,1996,0.0832111108801567
27,electricity ownuse,electricity,1997,0.08627637630669983
27,electricity ownuse,electricity,1998,0.09613539228065301
27,electricity ownuse,electricity,1999,0.10576906822726997
27,electricity ownuse,electricity,2000,0.11766089903713621
27,electricity ownuse,electricity,2001,0.12583910123354838
27,electricity ownuse,electricity,2002,0.13390542678748088
27,electricity ownuse,electricity,2003,0.14245949091237312
27,electricity ownuse,electricity,2004,0.16368941337118073
27,electricity ownuse,electricity,2005,0.17557919540715275
27,electricity ownuse,electricity,2006,0.19207558501345742
27,electricity ownuse,electricity,2007,0.20338510490146736
27,electricity ownuse,electricity,2008,0.21627014889337318
27,electricity ownuse,electricity,2009,0.2284073443833741
27,electricity ownuse,electricity,2010,0.245202531117709
27,electricity ownuse,electricity,2011,0.28128963598917206
27,electricity ownuse,electricity,2012,0.2964741122728404
27,electricity ownuse,electricity,2013,0.32288879227425327
27,electricity ownuse,electricity,2014,0.3379613368586518
27,electricity ownuse,electricity,2015,0.3549523676025345
28,electricity ownuse,electricity,1971,0.037944
28,electricity ownuse,electricity,1972,0.0426204
28,electricity ownuse,electricity,1973,0.052808400000000005
28,electricity ownuse,electricity,1974,0.06051600000000001
28,electricity ownuse,electricity,1975,0.0713592
28,electricity ownuse,electricity,1976,0.0828612
28,electricity ownuse,electricity,1977,0.0948312
28,electricity ownuse,electricity,1978,0.112806
28,electricity ownuse,electricity,1979,0.12807000000000002
28,electricity ownuse,electricity,1980,0.1338444
28,electricity ownuse,electricity,1981,0.1445652
28,electricity ownuse,electricity,1982,0.15514920000000001
28,electricity ownuse,electricity,1983,0.17424
28,electricity ownuse,electricity,1984,0.18452880000000002
28,electricity ownuse,electricity,1985,0.19810440000000001
28,electricity ownuse,electricity,1986,0.219204
28,electricity ownuse,electricity,1987,0.2502864
28,electricity ownuse,electricity,1988,0.2897208
28,electricity ownuse,electricity,1989,0.3198168
28,electricity ownuse,electricity,1990,0.37933560000000005
28,electricity ownuse,electricity,1991,0.4077180000000001
28,electricity ownuse,electricity,1992,0.44785440000000004
28,electricity ownuse,electricity,1993,0.514926
28,electricity ownuse,electricity,1994,0.5823504
28,electricity ownuse,electricity,1995,0.6521004
28,electricity ownuse,electricity,1996,0.7293780000000001
28,electricity ownuse,electricity,1997,0.7996103999999999
28,electricity ownuse,electricity,1998,0.7778484000000001
28,electricity ownuse,electricity,1999,0.8481456
28,electricity ownuse,electricity,2000,1.0386936000000002
28,electricity ownuse,electricity,2001,1.1128932
28,electricity ownuse,electricity,2002,1.1872944
28,electricity ownuse,electricity,2003,1.2354876000000001
28,electricity ownuse,electricity,2004,1.3198032000000002
28,electricity ownuse,electricity,2005,1.3961808
28,electricity ownuse,electricity,2006,1.4479308
28,electricity ownuse,electricity,2007,1.5330276000000003
28,electricity ownuse,electricity,2008,1.5979716
28,electricity ownuse,electricity,2009,1.6257312000000002
28,electricity ownuse,electricity,2010,1.7876376
28,electricity ownuse,electricity,2011,1.8716436
28,electricity ownuse,electricity,2012,1.9109592
28,electricity ownuse,electricity,2013,1.9358928
28,electricity ownuse,electricity,2014,1.9649088000000001
28,electricity ownuse,electricity,2015,1.9761192
29,electricity ownuse,electricity,1971,0.14354173856324343
29,electricity ownuse,electricity,1972,0.1594589447826518
29,electricity ownuse,electricity,1973,0.18151460523352317
29,electricity ownuse,electricity,1974,0.18776146441452007
29,electricity ownuse,electricity,1975,0.20194278861335546
29,electricity ownuse,electricity,1976,0.21922345419902467
29,electricity ownuse,electricity,1977,0.23543364391951596
29,electricity ownuse,electricity,1978,0.2507403957735875
29,electricity ownuse,electricity,1979,0.2669520000532599
29,electricity ownuse,electricity,1980,0.28379820943955797
29,electricity ownuse,electricity,1981,0.29653068454820286
29,electricity ownuse,electricity,1982,0.313316535380179
29,electricity ownuse,electricity,1983,0.3384073673155032
29,electricity ownuse,electricity,1984,0.3592290101874572
29,electricity ownuse,electricity,1985,0.3832180555813618
29,electricity ownuse,electricity,1986,0.3934577845014454
29,electricity ownuse,electricity,1987,0.4302407661126989
29,electricity ownuse,electricity,1988,0.47193941590014843
29,electricity ownuse,electricity,1989,0.5148494120762817
29,electricity ownuse,electricity,1990,0.5511985341679589
29,electricity ownuse,electricity,1991,0.5851625695119747
29,electricity ownuse,electricity,1992,0.6202830847257479
29,electricity ownuse,electricity,1993,0.6662841945255797
29,electricity ownuse,electricity,1994,0.7411749665067384
29,electricity ownuse,electricity,1995,0.8236771005684036
29,electricity ownuse,electricity,1996,0.9019838839579193
29,electricity ownuse,electricity,1997,0.9620082731705565
29,electricity ownuse,electricity,1998,0.9754782595387382
29,electricity ownuse,electricity,1999,1.0102931980417311
29,electricity ownuse,electricity,2000,1.0858297428827333
29,electricity ownuse,electricity,2001,1.1444631256539521
29,electricity ownuse,electricity,2002,1.21047747504253
29,electricity ownuse,electricity,2003,1.299535591429262
29,electricity ownuse,electricity,2004,1.384602396243487
29,electricity ownuse,electricity,2005,1.4490481359306178
29,electricity ownuse,electricity,2006,1.5299581317179771
29,electricity ownuse,electricity,2007,1.6154673385701763
29,electricity ownuse,electricity,2008,1.6677610126467464
29,electricity ownuse,electricity,2009,1.7701860716574151
29,electricity ownuse,electricity,2010,1.9252118663916533
29,electricity ownuse,electricity,2011,1.9756923402235806
29,electricity ownuse,electricity,2012,2.1015636747196798
29,electricity ownuse,electricity,2013,2.1610646628122323
29,electricity ownuse,electricity,2014,2.2889529371918322
29,electricity ownuse,electricity,2015,2.426111654029988
30,electricity ownuse,electricity,1971,0.05986193940000001
30,electricity ownuse,electricity,1972,0.068464098
30,electricity ownuse,electricity,1973,0.07707722880000001
30,electricity ownuse,electricity,1974,0.08059827060000002
30,electricity ownuse,electricity,1975,0.08834204940000001
30,electricity ownuse,electricity,1976,0.10372626360000001
30,electricity ownuse,electricity,1977,0.11317008360000001
30,electricity ownuse,electricity,1978,0.1290456
30,electricity ownuse,electricity,1979,0.1423692
30,electricity ownuse,electricity,1980,0.1533852
30,electricity ownuse,electricity,1981,0.15094080000000001
30,electricity ownuse,electricity,1982,0.15285240000000003
30,electricity ownuse,electricity,1983,0.17295480000000002
30,electricity ownuse,electricity,1984,0.1878228
30,electricity ownuse,electricity,1985,0.1966752
30,electricity ownuse,electricity,1986,0.219762
30,electricity ownuse,electricity,1987,0.24325200000000002
30,electricity ownuse,electricity,1988,0.2692116
30,electricity ownuse,electricity,1989,0.296064
30,electricity ownuse,electricity,1990,0.31823280000000004
30,electricity ownuse,electricity,1991,0.35109
30,electricity ownuse,electricity,1992,0.373446
30,electricity ownuse,electricity,1993,0.40534200000000004
30,electricity ownuse,electricity,1994,0.4349196
30,electricity ownuse,electricity,1995,0.46467
30,electricity ownuse,electricity,1996,0.4955832
30,electricity ownuse,electricity,1997,0.5261976
30,electricity ownuse,electricity,1998,0.571608
30,electricity ownuse,electricity,1999,0.5960952
30,electricity ownuse,electricity,2000,0.6522768000000001
30,electricity ownuse,electricity,2001,0.6670836
30,electricity ownuse,electricity,2002,0.70569
30,electricity ownuse,electricity,2003,0.7430220000000001
30,electricity ownuse,electricity,2004,0.777888
30,electricity ownuse,electricity,2005,0.8081100000000001
30,electricity ownuse,electricity,2006,0.8359488
30,electricity ownuse,electricity,2007,0.8638776
30,electricity ownuse,electricity,2008,0.8480988
30,electricity ownuse,electricity,2009,0.817542
30,electricity ownuse,electricity,2010,0.8807292000000001
30,electricity ownuse,electricity,2011,0.8993484
30,electricity ownuse,electricity,2012,0.8935812
30,electricity ownuse,electricity,2013,0.9004212
30,electricity ownuse,electricity,2014,0.9277812000000001
30,electricity ownuse,electricity,2015,0.9210564
31,electricity ownuse,electricity,1971,0.08504640000000001
31,electricity ownuse,electricity,1972,0.0911016
31,electricity ownuse,electricity,1973,0.09597960000000001
31,electricity ownuse,electricity,1974,0.10062000000000001
31,electricity ownuse,electricity,1975,0.10563480000000001
31,electricity ownuse,electricity,1976,0.10877760000000002
31,electricity ownuse,electricity,1977,0.11668680000000001
31,electricity ownuse,electricity,1978,0.12036240000000001
31,electricity ownuse,electricity,1979,0.1355076
31,electricity ownuse,electricity,1980,0.1429416
31,electricity ownuse,electricity,1981,0.1398204
31,electricity ownuse,electricity,1982,0.1435896
31,electricity ownuse,electricity,1983,0.1548108
31,electricity ownuse,electricity,1984,0.1618776
31,electricity ownuse,electricity,1985,0.16295400000000002
31,electricity ownuse,electricity,1986,0.1764108
31,electricity ownuse,electricity,1987,0.18734040000000002
31,electricity ownuse,electricity,1988,0.18808560000000002
31,electricity ownuse,electricity,1989,0.1818396
31,electricity ownuse,electricity,1990,0.182664
31,electricity ownuse,electricity,1991,0.1930428
31,electricity ownuse,electricity,1992,0.2011716
31,electricity ownuse,electricity,1993,0.22167360000000003
31,electricity ownuse,electricity,1994,0.23222520000000002
31,electricity ownuse,electricity,1995,0.24125400000000002
31,electricity ownuse,electricity,1996,0.2508696
31,electricity ownuse,electricity,1997,0.2602728
31,electricity ownuse,electricity,1998,0.26644320000000005
31,electricity ownuse,electricity,1999,0.2896812
31,electricity ownuse,electricity,2000,0.320076
31,electricity ownuse,electricity,2001,0.32441400000000004
31,electricity ownuse,electricity,2002,0.30403080000000005
31,electricity ownuse,electricity,2003,0.33130800000000005
31,electricity ownuse,electricity,2004,0.360594
31,electricity ownuse,electricity,2005,0.37976760000000004
31,electricity ownuse,electricity,2006,0.3847284
31,electricity ownuse,electricity,2007,0.38669400000000004
31,electricity ownuse,electricity,2008,0.43777440000000006
31,electricity ownuse,electricity,2009,0.43890840000000003
31,electricity ownuse,electricity,2010,0.45094680000000004
31,electricity ownuse,electricity,2011,0.4663980000000001
31,electricity ownuse,electricity,2012,0.4882572
31,electricity ownuse,electricity,2013,0.5006808
31,electricity ownuse,electricity,2014,0.4973112
31,electricity ownuse,electricity,2015,0.5218452
32,electricity ownuse,electricity,1971,0.0368676
32,electricity ownuse,electricity,1972,0.037897200000000006
32,electricity ownuse,electricity,1973,0.041857200000000004
32,electricity ownuse,electricity,1974,0.046555200000000005
32,electricity ownuse,electricity,1975,0.046551600000000005
32,electricity ownuse,electricity,1976,0.049341600000000006
32,electricity ownuse,electricity,1977,0.0549252
32,electricity ownuse,electricity,1978,0.0625068
32,electricity ownuse,electricity,1979,0.068418
32,electricity ownuse,electricity,1980,0.07360560000000001
32,electricity ownuse,electricity,1981,0.07479720000000001
32,electricity ownuse,electricity,1982,0.0798552
32,electricity ownuse,electricity,1983,0.082458
32,electricity ownuse,electricity,1984,0.09105840000000001
32,electricity ownuse,electricity,1985,0.0965772
32,electricity ownuse,electricity,1986,0.105948
32,electricity ownuse,electricity,1987,0.1133892
32,electricity ownuse,electricity,1988,0.11884320000000001
32,electricity ownuse,electricity,1989,0.125892
32,electricity ownuse,electricity,1990,0.1308852
32,electricity ownuse,electricity,1991,0.13316400000000003
32,electricity ownuse,electricity,1992,0.1185984
32,electricity ownuse,electricity,1993,0.1388124
32,electricity ownuse,electricity,1994,0.14907240000000002
32,electricity ownuse,electricity,1995,0.15377760000000001
32,electricity ownuse,electricity,1996,0.15610320000000003
32,electricity ownuse,electricity,1997,0.16057800000000003
32,electricity ownuse,electricity,1998,0.16162920000000003
32,electricity ownuse,electricity,1999,0.15415920000000002
32,electricity ownuse,electricity,2000,0.15525
32,electricity ownuse,electricity,2001,0.1563912
32,electricity ownuse,electricity,2002,0.1621512
32,electricity ownuse,electricity,2003,0.16754760000000002
32,electricity ownuse,electricity,2004,0.17898840000000002
32,electricity ownuse,electricity,2005,0.1812132
32,electricity ownuse,electricity,2006,0.193554
32,electricity ownuse,electricity,2007,0.19881000000000001
32,electricity ownuse,electricity,2008,0.2013768
32,electricity ownuse,electricity,2009,0.20573640000000004
32,electricity ownuse,electricity,2010,0.21392640000000002
32,electricity ownuse,electricity,2011,0.219618
32,electricity ownuse,electricity,2012,0.2244168
32,electricity ownuse,electricity,2013,0.2663748
32,electricity ownuse,electricity,2014,0.25605
32,electricity ownuse,electricity,2015,0.2811924
