# Sum of electricty generation adjusted for onsite, transmission, and distribution losses
GCAM_region_ID,sector,fuel,year,value
1,electricity distribution,electricity,1971,5.345116280000001
1,electricity distribution,electricity,1972,5.7628721800000005
1,electricity distribution,electricity,1973,6.125987140000001
1,electricity distribution,electricity,1974,6.135155660000001
1,electricity distribution,electricity,1975,6.26743332
1,electricity distribution,electricity,1976,6.645917340000001
1,electricity distribution,electricity,1977,6.95215808
1,electricity distribution,electricity,1978,7.19448764
1,electricity distribution,electricity,1979,7.35083672
1,electricity distribution,electricity,1980,7.463212680000001
1,electricity distribution,electricity,1981,7.6116714
1,electricity distribution,electricity,1982,7.36718758
1,electricity distribution,electricity,1983,7.572883399999999
1,electricity distribution,electricity,1984,8.05959576
1,electricity distribution,electricity,1985,8.225423000000001
1,electricity distribution,electricity,1986,8.334024040000001
1,electricity distribution,electricity,1987,8.6730018
1,electricity distribution,electricity,1988,9.13051756
1,electricity distribution,electricity,1989,9.450228660000002
1,electricity distribution,electricity,1990,9.7579847
1,electricity distribution,electricity,1991,10.195160820000003
1,electricity distribution,electricity,1992,10.21403696
1,electricity distribution,electricity,1993,10.56501412
1,electricity distribution,electricity,1994,10.809760400000002
1,electricity distribution,electricity,1995,11.15382992
1,electricity distribution,electricity,1996,11.460157580000002
1,electricity distribution,electricity,1997,11.651916400000001
1,electricity distribution,electricity,1998,12.04977688
1,electricity distribution,electricity,1999,12.350565679999999
1,electricity distribution,electricity,2000,12.801455960000002
1,electricity distribution,electricity,2001,12.716738740000002
1,electricity distribution,electricity,2002,12.99166948
1,electricity distribution,electricity,2003,13.15933204
1,electricity distribution,electricity,2004,13.33745252
1,electricity distribution,electricity,2005,13.63131664
1,electricity distribution,electricity,2006,13.675120520000002
1,electricity distribution,electricity,2007,14.004812339999999
1,electricity distribution,electricity,2008,13.946889
1,electricity distribution,electricity,2009,13.285166300000002
1,electricity distribution,electricity,2010,13.917015640000002
1,electricity distribution,electricity,2011,13.841833040000003
1,electricity distribution,electricity,2012,13.61122382
1,electricity distribution,electricity,2013,13.72080792
1,electricity distribution,electricity,2014,13.82031992
1,electricity distribution,electricity,2015,13.770014880000002
2,electricity distribution,electricity,1971,0.011027938000431767
2,electricity distribution,electricity,1972,0.012112433072200344
2,electricity distribution,electricity,1973,0.01292083504294568
2,electricity distribution,electricity,1974,0.013940654608529
2,electricity distribution,electricity,1975,0.01464174230250546
2,electricity distribution,electricity,1976,0.015456077844784876
2,electricity distribution,electricity,1977,0.016276785205438685
2,electricity distribution,electricity,1978,0.016217479521578957
2,electricity distribution,electricity,1979,0.018844352539344054
2,electricity distribution,electricity,1980,0.018759809213169585
2,electricity distribution,electricity,1981,0.01870309781541958
2,electricity distribution,electricity,1982,0.019280226486051828
2,electricity distribution,electricity,1983,0.020066987025235485
2,electricity distribution,electricity,1984,0.022050826544086476
2,electricity distribution,electricity,1985,0.02327239021789953
2,electricity distribution,electricity,1986,0.024993603160493337
2,electricity distribution,electricity,1987,0.026934157805680033
2,electricity distribution,electricity,1988,0.026810250443529245
2,electricity distribution,electricity,1989,0.027783630204174792
2,electricity distribution,electricity,1990,0.02900636695041444
2,electricity distribution,electricity,1991,0.030375941684794846
2,electricity distribution,electricity,1992,0.031937693485081214
2,electricity distribution,electricity,1993,0.03335655630486297
2,electricity distribution,electricity,1994,0.0344993418054965
2,electricity distribution,electricity,1995,0.036094259274061874
2,electricity distribution,electricity,1996,0.03831082506177219
2,electricity distribution,electricity,1997,0.03992540947280756
2,electricity distribution,electricity,1998,0.04126116708329108
2,electricity distribution,electricity,1999,0.04456094679945806
2,electricity distribution,electricity,2000,0.0450356395030893
2,electricity distribution,electricity,2001,0.046905494176791254
2,electricity distribution,electricity,2002,0.05049129269295041
2,electricity distribution,electricity,2003,0.053999185406745476
2,electricity distribution,electricity,2004,0.05728151993135668
2,electricity distribution,electricity,2005,0.06239719500501695
2,electricity distribution,electricity,2006,0.06746528942878278
2,electricity distribution,electricity,2007,0.07196629404814513
2,electricity distribution,electricity,2008,0.07661927899887876
2,electricity distribution,electricity,2009,0.08167040639044718
2,electricity distribution,electricity,2010,0.09066212876626123
2,electricity distribution,electricity,2011,0.09512849478020916
2,electricity distribution,electricity,2012,0.10573613155956402
2,electricity distribution,electricity,2013,0.11753766722460007
2,electricity distribution,electricity,2014,0.1197295485049859
2,electricity distribution,electricity,2015,0.1294076499353607
3,electricity distribution,electricity,1971,0.0425775770149506
3,electricity distribution,electricity,1972,0.044798696892460875
3,electricity distribution,electricity,1973,0.04860288323704652
3,electricity distribution,electricity,1974,0.05392926449128302
3,electricity distribution,electricity,1975,0.06097936494276459
3,electricity distribution,electricity,1976,0.07047318246281564
3,electricity distribution,electricity,1977,0.08120349765164356
3,electricity distribution,electricity,1978,0.09005564197776372
3,electricity distribution,electricity,1979,0.10192202254460203
3,electricity distribution,electricity,1980,0.11309143305320873
3,electricity distribution,electricity,1981,0.1243379966289523
3,electricity distribution,electricity,1982,0.13642194020612558
3,electricity distribution,electricity,1983,0.1503774395063401
3,electricity distribution,electricity,1984,0.1597746784397622
3,electricity distribution,electricity,1985,0.16421201889338707
3,electricity distribution,electricity,1986,0.18979962276668463
3,electricity distribution,electricity,1987,0.2037738724904111
3,electricity distribution,electricity,1988,0.21888684143585654
3,electricity distribution,electricity,1989,0.23188733753336793
3,electricity distribution,electricity,1990,0.24422110077492903
3,electricity distribution,electricity,1991,0.25626485701097335
3,electricity distribution,electricity,1992,0.2706336904799678
3,electricity distribution,electricity,1993,0.279692467283553
3,electricity distribution,electricity,1994,0.2925656067522918
3,electricity distribution,electricity,1995,0.3039829124315728
3,electricity distribution,electricity,1996,0.3247514019506072
3,electricity distribution,electricity,1997,0.3420759442968841
3,electricity distribution,electricity,1998,0.3683734713276211
3,electricity distribution,electricity,1999,0.3869585391397596
3,electricity distribution,electricity,2000,0.4095449301150437
3,electricity distribution,electricity,2001,0.44066896943918143
3,electricity distribution,electricity,2002,0.4784805784290309
3,electricity distribution,electricity,2003,0.5123246776006894
3,electricity distribution,electricity,2004,0.543142570749894
3,electricity distribution,electricity,2005,0.5996156940715363
3,electricity distribution,electricity,2006,0.629433962376022
3,electricity distribution,electricity,2007,0.6685773219448159
3,electricity distribution,electricity,2008,0.6885324189137281
3,electricity distribution,electricity,2009,0.711724174123274
3,electricity distribution,electricity,2010,0.7676204744726687
3,electricity distribution,electricity,2011,0.8196591441357429
3,electricity distribution,electricity,2012,0.8903035401362013
3,electricity distribution,electricity,2013,0.8964988104482607
3,electricity distribution,electricity,2014,0.945701022576276
3,electricity distribution,electricity,2015,1.0026713883842007
4,electricity distribution,electricity,1971,0.02171547174003271
4,electricity distribution,electricity,1972,0.03201242371522836
4,electricity distribution,electricity,1973,0.035465537514085634
4,electricity distribution,electricity,1974,0.04646928907624247
4,electricity distribution,electricity,1975,0.04946613509601181
4,electricity distribution,electricity,1976,0.05240878341376893
4,electricity distribution,electricity,1977,0.0582147216149627
4,electricity distribution,electricity,1978,0.05457723402482976
4,electricity distribution,electricity,1979,0.058526793092424756
4,electricity distribution,electricity,1980,0.05172642509354867
4,electricity distribution,electricity,1981,0.05479817925844304
4,electricity distribution,electricity,1982,0.05629156065727824
4,electricity distribution,electricity,1983,0.05535821821066484
4,electricity distribution,electricity,1984,0.05426130524372635
4,electricity distribution,electricity,1985,0.05858607365267411
4,electricity distribution,electricity,1986,0.05970035102749835
4,electricity distribution,electricity,1987,0.05973632891167051
4,electricity distribution,electricity,1988,0.06738428543484219
4,electricity distribution,electricity,1989,0.06414222180332409
4,electricity distribution,electricity,1990,0.0717225044531371
4,electricity distribution,electricity,1991,0.07780401002751962
4,electricity distribution,electricity,1992,0.06378991378446772
4,electricity distribution,electricity,1993,0.0709331517769964
4,electricity distribution,electricity,1994,0.06852461868380057
4,electricity distribution,electricity,1995,0.07030368621596347
4,electricity distribution,electricity,1996,0.06580702886652431
4,electricity distribution,electricity,1997,0.06876765628594521
4,electricity distribution,electricity,1998,0.08601736567024566
4,electricity distribution,electricity,1999,0.09317204720958054
4,electricity distribution,electricity,2000,0.0982508072384718
4,electricity distribution,electricity,2001,0.10876231616920934
4,electricity distribution,electricity,2002,0.11471311016005961
4,electricity distribution,electricity,2003,0.11247993079149346
4,electricity distribution,electricity,2004,0.11974397819692269
4,electricity distribution,electricity,2005,0.12645972678162423
4,electricity distribution,electricity,2006,0.12939143616958373
4,electricity distribution,electricity,2007,0.13163169330334346
4,electricity distribution,electricity,2008,0.13003856924615037
4,electricity distribution,electricity,2009,0.13588219948195898
4,electricity distribution,electricity,2010,0.14533524870078987
4,electricity distribution,electricity,2011,0.1482083329785373
4,electricity distribution,electricity,2012,0.1562328264774409
4,electricity distribution,electricity,2013,0.16634088416543993
4,electricity distribution,electricity,2014,0.19363847325514186
4,electricity distribution,electricity,2015,0.20750280789286105
5,electricity distribution,electricity,1971,0.040439996412329676
5,electricity distribution,electricity,1972,0.04326706097193474
5,electricity distribution,electricity,1973,0.04815903903808719
5,electricity distribution,electricity,1974,0.0478856364000359
5,electricity distribution,electricity,1975,0.052644490360713676
5,electricity distribution,electricity,1976,0.056834987152646205
5,electricity distribution,electricity,1977,0.060374215959420524
5,electricity distribution,electricity,1978,0.05676726137280018
5,electricity distribution,electricity,1979,0.06721315854071137
5,electricity distribution,electricity,1980,0.0738827345342202
5,electricity distribution,electricity,1981,0.07584457233941014
5,electricity distribution,electricity,1982,0.07837599269956504
5,electricity distribution,electricity,1983,0.07175153834289177
5,electricity distribution,electricity,1984,0.07140284658194627
5,electricity distribution,electricity,1985,0.08048902141227954
5,electricity distribution,electricity,1986,0.08881603098401585
5,electricity distribution,electricity,1987,0.0928949936322475
5,electricity distribution,electricity,1988,0.09506421076084717
5,electricity distribution,electricity,1989,0.104991718855762
5,electricity distribution,electricity,1990,0.10207877086137654
5,electricity distribution,electricity,1991,0.10582436745193097
5,electricity distribution,electricity,1992,0.11376350808553029
5,electricity distribution,electricity,1993,0.11355651066772048
5,electricity distribution,electricity,1994,0.1141459814453527
5,electricity distribution,electricity,1995,0.11979163224493843
5,electricity distribution,electricity,1996,0.1260676134662302
5,electricity distribution,electricity,1997,0.12692128614916331
5,electricity distribution,electricity,1998,0.11728855678146188
5,electricity distribution,electricity,1999,0.1293304827386217
5,electricity distribution,electricity,2000,0.12708906648787704
5,electricity distribution,electricity,2001,0.13270766954655708
5,electricity distribution,electricity,2002,0.14955036117169285
5,electricity distribution,electricity,2003,0.14162605092157424
5,electricity distribution,electricity,2004,0.15635333917124758
5,electricity distribution,electricity,2005,0.16068974976733585
5,electricity distribution,electricity,2006,0.1717729559017345
5,electricity distribution,electricity,2007,0.1743254755313063
5,electricity distribution,electricity,2008,0.17147572533202382
5,electricity distribution,electricity,2009,0.17480239266082112
5,electricity distribution,electricity,2010,0.19976189433737696
5,electricity distribution,electricity,2011,0.20334436631085387
5,electricity distribution,electricity,2012,0.210995923524844
5,electricity distribution,electricity,2013,0.2228614822415887
5,electricity distribution,electricity,2014,0.23883508029233277
5,electricity distribution,electricity,2015,0.2468534131989324
6,electricity distribution,electricity,1971,0.21022274000000002
6,electricity distribution,electricity,1972,0.22612462
6,electricity distribution,electricity,1973,0.24630806000000005
6,electricity distribution,electricity,1974,0.2751520800000001
6,electricity distribution,electricity,1975,0.29261764000000007
6,electricity distribution,electricity,1976,0.30499286000000003
6,electricity distribution,electricity,1977,0.3236384
6,electricity distribution,electricity,1978,0.33461424
6,electricity distribution,electricity,1979,0.34967574
6,electricity distribution,electricity,1980,0.3657933
6,electricity distribution,electricity,1981,0.38476758000000005
6,electricity distribution,electricity,1982,0.40135626
6,electricity distribution,electricity,1983,0.41052044000000004
6,electricity distribution,electricity,1984,0.4353118
6,electricity distribution,electricity,1985,0.45368558
6,electricity distribution,electricity,1986,0.47982556
6,electricity distribution,electricity,1987,0.49930679999999994
6,electricity distribution,electricity,1988,0.5278108400000001
6,electricity distribution,electricity,1989,0.5555651000000001
6,electricity distribution,electricity,1990,0.58779754
6,electricity distribution,electricity,1991,0.60056832
6,electricity distribution,electricity,1992,0.6047794400000001
6,electricity distribution,electricity,1993,0.62444532
6,electricity distribution,electricity,1994,0.6403009800000002
6,electricity distribution,electricity,1995,0.6610572000000001
6,electricity distribution,electricity,1996,0.67669964
6,electricity distribution,electricity,1997,0.6965266999999999
6,electricity distribution,electricity,1998,0.73337624
6,electricity distribution,electricity,1999,0.75318374
6,electricity distribution,electricity,2000,0.77321322
6,electricity distribution,electricity,2001,0.80326008
6,electricity distribution,electricity,2002,0.84229436
6,electricity distribution,electricity,2003,0.8283625000000001
6,electricity distribution,electricity,2004,0.8512967200000002
6,electricity distribution,electricity,2005,0.8531558200000001
6,electricity distribution,electricity,2006,0.86885762
6,electricity distribution,electricity,2007,0.9048197199999999
6,electricity distribution,electricity,2008,0.9074824399999999
6,electricity distribution,electricity,2009,0.9233861600000001
6,electricity distribution,electricity,2010,0.9401854000000001
6,electricity distribution,electricity,2011,0.9506367800000001
6,electricity distribution,electricity,2012,0.9424285000000001
6,electricity distribution,electricity,2013,0.9385076200000002
6,electricity distribution,electricity,2014,0.9380602400000002
6,electricity distribution,electricity,2015,0.95456758
7,electricity distribution,electricity,1971,0.15905784
7,electricity distribution,electricity,1972,0.17712936
7,electricity distribution,electricity,1973,0.20174418
7,electricity distribution,electricity,1974,0.22546560000000004
7,electricity distribution,electricity,1975,0.24871058000000001
7,electricity distribution,electricity,1976,0.28221694
7,electricity distribution,electricity,1977,0.31713674
7,electricity distribution,electricity,1978,0.35354126
7,electricity distribution,electricity,1979,0.39606613999999996
7,electricity distribution,electricity,1980,0.4383919600000001
7,electricity distribution,electricity,1981,0.45092504
7,electricity distribution,electricity,1982,0.47740489999999997
7,electricity distribution,electricity,1983,0.5140221
7,electricity distribution,electricity,1984,0.5707071600000001
7,electricity distribution,electricity,1985,0.6118608000000001
7,electricity distribution,electricity,1986,0.63016886
7,electricity distribution,electricity,1987,0.62721602
7,electricity distribution,electricity,1988,0.6630752676
7,electricity distribution,electricity,1989,0.6786606784000001
7,electricity distribution,electricity,1990,0.6813476400000001
7,electricity distribution,electricity,1991,0.7046982799999999
7,electricity distribution,electricity,1992,0.7342739200000001
7,electricity distribution,electricity,1993,0.7600029090000001
7,electricity distribution,electricity,1994,0.7773575504000001
7,electricity distribution,electricity,1995,0.8173135428
7,electricity distribution,electricity,1996,0.8582901704000001
7,electricity distribution,electricity,1997,0.9076816200000002
7,electricity distribution,electricity,1998,0.9551462200000002
7,electricity distribution,electricity,1999,0.9818857200000002
7,electricity distribution,electricity,2000,1.0231254200000002
7,electricity distribution,electricity,2001,0.9665685599999999
7,electricity distribution,electricity,2002,1.02290904
7,electricity distribution,electricity,2003,1.0854561600000001
7,electricity distribution,electricity,2004,1.14610184
7,electricity distribution,electricity,2005,1.1933027000000003
7,electricity distribution,electricity,2006,1.2393233200000002
7,electricity distribution,electricity,2007,1.31909886
7,electricity distribution,electricity,2008,1.3673955800000002
7,electricity distribution,electricity,2009,1.3678472000000002
7,electricity distribution,electricity,2010,1.5272463800000002
7,electricity distribution,electricity,2011,1.5790342800000001
7,electricity distribution,electricity,2012,1.62671534
7,electricity distribution,electricity,2013,1.68522698
7,electricity distribution,electricity,2014,1.75839226
7,electricity distribution,electricity,2015,1.72718912
8,electricity distribution,electricity,1971,0.7195265158
8,electricity distribution,electricity,1972,0.795501462
8,electricity distribution,electricity,1973,0.8569677186000001
8,electricity distribution,electricity,1974,0.9215897972000003
8,electricity distribution,electricity,1975,0.8856270272000002
8,electricity distribution,electricity,1976,0.9516174000000001
8,electricity distribution,electricity,1977,1.04911406
8,electricity distribution,electricity,1978,1.10281868
8,electricity distribution,electricity,1979,1.16571222
8,electricity distribution,electricity,1980,1.20499982
8,electricity distribution,electricity,1981,1.2665584
8,electricity distribution,electricity,1982,1.2468828200000002
8,electricity distribution,electricity,1983,1.31681822
8,electricity distribution,electricity,1984,1.4182869400000002
8,electricity distribution,electricity,1985,1.4811684000000003
8,electricity distribution,electricity,1986,1.51927302
8,electricity distribution,electricity,1987,1.6104463
8,electricity distribution,electricity,1988,1.6249324200000002
8,electricity distribution,electricity,1989,1.5926931000000002
8,electricity distribution,electricity,1990,1.5603728000000001
8,electricity distribution,electricity,1991,1.6433453999999998
8,electricity distribution,electricity,1992,1.6835879
8,electricity distribution,electricity,1993,1.7256186599999999
8,electricity distribution,electricity,1994,1.8068203
8,electricity distribution,electricity,1995,1.8113226000000002
8,electricity distribution,electricity,1996,1.8442445
8,electricity distribution,electricity,1997,1.8585064800000002
8,electricity distribution,electricity,1998,1.8182874999999998
8,electricity distribution,electricity,1999,1.8638509600000004
8,electricity distribution,electricity,2000,1.9410412800000003
8,electricity distribution,electricity,2001,1.89343846
8,electricity distribution,electricity,2002,1.9171529400000002
8,electricity distribution,electricity,2003,1.9153116400000003
8,electricity distribution,electricity,2004,1.9533535000000002
8,electricity distribution,electricity,2005,1.9770996600000004
8,electricity distribution,electricity,2006,1.9418545000000003
8,electricity distribution,electricity,2007,2.0211639800000003
8,electricity distribution,electricity,2008,2.02218792
8,electricity distribution,electricity,2009,1.9441526399999998
8,electricity distribution,electricity,2010,1.9316701799999998
8,electricity distribution,electricity,2011,2.01881944
8,electricity distribution,electricity,2012,2.03119786
8,electricity distribution,electricity,2013,2.1096666999999996
8,electricity distribution,electricity,2014,2.10280032
8,electricity distribution,electricity,2015,2.0951755
9,electricity distribution,electricity,1971,0.07127204110890438
9,electricity distribution,electricity,1972,0.0791109331939916
9,electricity distribution,electricity,1973,0.08749181079250042
9,electricity distribution,electricity,1974,0.09018926253597913
9,electricity distribution,electricity,1975,0.08894099201555855
9,electricity distribution,electricity,1976,0.0986105383399312
9,electricity distribution,electricity,1977,0.10680948484305164
9,electricity distribution,electricity,1978,0.11243976551419696
9,electricity distribution,electricity,1979,0.11714555793071997
9,electricity distribution,electricity,1980,0.11841614920710686
9,electricity distribution,electricity,1981,0.12333053229672818
9,electricity distribution,electricity,1982,0.12417234344516946
9,electricity distribution,electricity,1983,0.12865809041528276
9,electricity distribution,electricity,1984,0.13559172356999685
9,electricity distribution,electricity,1985,0.13572570459992336
9,electricity distribution,electricity,1986,0.14340969437629894
9,electricity distribution,electricity,1987,0.15093730867104935
9,electricity distribution,electricity,1988,0.15358673832603975
9,electricity distribution,electricity,1989,0.15650116758850546
9,electricity distribution,electricity,1990,0.1690415507283525
9,electricity distribution,electricity,1991,0.1660471401366681
9,electricity distribution,electricity,1992,0.17953984550520433
9,electricity distribution,electricity,1993,0.17842894101050402
9,electricity distribution,electricity,1994,0.18719160118561431
9,electricity distribution,electricity,1995,0.19907695880233722
9,electricity distribution,electricity,1996,0.21002441621905493
9,electricity distribution,electricity,1997,0.22252618958218975
9,electricity distribution,electricity,1998,0.24364580103143985
9,electricity distribution,electricity,1999,0.26476152205626585
9,electricity distribution,electricity,2000,0.27136494875112827
9,electricity distribution,electricity,2001,0.2766097131737772
9,electricity distribution,electricity,2002,0.2876951694835481
9,electricity distribution,electricity,2003,0.30517626857806535
9,electricity distribution,electricity,2004,0.30239444458037745
9,electricity distribution,electricity,2005,0.3172724749647501
9,electricity distribution,electricity,2006,0.328799855349595
9,electricity distribution,electricity,2007,0.33861350477254787
9,electricity distribution,electricity,2008,0.33211409478108245
9,electricity distribution,electricity,2009,0.3316845568602553
9,electricity distribution,electricity,2010,0.3381283956840511
9,electricity distribution,electricity,2011,0.3455674691301945
9,electricity distribution,electricity,2012,0.3670952135614481
9,electricity distribution,electricity,2013,0.36093368984799423
9,electricity distribution,electricity,2014,0.3685173738933791
9,electricity distribution,electricity,2015,0.383967687504157
10,electricity distribution,electricity,1971,0.4857712243588854
10,electricity distribution,electricity,1972,0.5233906261025036
10,electricity distribution,electricity,1973,0.5645600655823535
10,electricity distribution,electricity,1974,0.5946445042168753
10,electricity distribution,electricity,1975,0.6123631845492447
10,electricity distribution,electricity,1976,0.6676010904243646
10,electricity distribution,electricity,1977,0.6946954836480528
10,electricity distribution,electricity,1978,0.7296029530534768
10,electricity distribution,electricity,1979,0.7507755183036088
10,electricity distribution,electricity,1980,0.7725815813998868
10,electricity distribution,electricity,1981,0.785875608573826
10,electricity distribution,electricity,1982,0.7892415122295278
10,electricity distribution,electricity,1983,0.8020122967017825
10,electricity distribution,electricity,1984,0.8105092850077196
10,electricity distribution,electricity,1985,0.8173457631610362
10,electricity distribution,electricity,1986,0.8408960440780415
10,electricity distribution,electricity,1987,0.8508629003403041
10,electricity distribution,electricity,1988,0.8508040082232269
10,electricity distribution,electricity,1989,0.8578905364732109
10,electricity distribution,electricity,1990,0.7601416000000002
10,electricity distribution,electricity,1991,0.7400744600000001
10,electricity distribution,electricity,1992,0.67981588
10,electricity distribution,electricity,1993,0.6274227800000002
10,electricity distribution,electricity,1994,0.54292266
10,electricity distribution,electricity,1995,0.51736968
10,electricity distribution,electricity,1996,0.4899658800000001
10,electricity distribution,electricity,1997,0.46782372000000005
10,electricity distribution,electricity,1998,0.46084706000000003
10,electricity distribution,electricity,1999,0.4710486000000001
10,electricity distribution,electricity,2000,0.47747444000000017
10,electricity distribution,electricity,2001,0.4850968799999999
10,electricity distribution,electricity,2002,0.48699272
10,electricity distribution,electricity,2003,0.52074512
10,electricity distribution,electricity,2004,0.5408367000000001
10,electricity distribution,electricity,2005,0.5863061999999999
10,electricity distribution,electricity,2006,0.6211670800000001
10,electricity distribution,electricity,2007,0.6374453000000001
10,electricity distribution,electricity,2008,0.5861057999999999
10,electricity distribution,electricity,2009,0.57533614
10,electricity distribution,electricity,2010,0.6083620000000001
10,electricity distribution,electricity,2011,0.66229972
10,electricity distribution,electricity,2012,0.69295222
10,electricity distribution,electricity,2013,0.7041126000000001
10,electricity distribution,electricity,2014,0.7281721400000001
10,electricity distribution,electricity,2015,0.73866122
11,electricity distribution,electricity,1971,0.479258526096246
11,electricity distribution,electricity,1972,0.5282929179038552
11,electricity distribution,electricity,1973,0.5804227202544922
11,electricity distribution,electricity,1974,0.5862274336594544
11,electricity distribution,electricity,1975,0.6799550724204403
11,electricity distribution,electricity,1976,0.7100017410326548
11,electricity distribution,electricity,1977,0.7794354526119748
11,electricity distribution,electricity,1978,0.8816640668803257
11,electricity distribution,electricity,1979,0.9694259020357139
11,electricity distribution,electricity,1980,0.9650718415855776
11,electricity distribution,electricity,1981,0.9901732938796278
11,electricity distribution,electricity,1982,1.0543116138031943
11,electricity distribution,electricity,1983,1.1375678136311023
11,electricity distribution,electricity,1984,1.2228615304359052
11,electricity distribution,electricity,1985,1.3281942044436041
11,electricity distribution,electricity,1986,1.4558400545051486
11,electricity distribution,electricity,1987,1.6193864436916061
11,electricity distribution,electricity,1988,1.7806559919018359
11,electricity distribution,electricity,1989,1.8991662709234671
11,electricity distribution,electricity,1990,2.0097319805758675
11,electricity distribution,electricity,1991,2.184921964042362
11,electricity distribution,electricity,1992,2.416845805169306
11,electricity distribution,electricity,1993,2.675805676354403
11,electricity distribution,electricity,1994,2.961989656716147
11,electricity distribution,electricity,1995,3.1602558343498846
11,electricity distribution,electricity,1996,3.398987299563962
11,electricity distribution,electricity,1997,3.545743375904971
11,electricity distribution,electricity,1998,3.680835452761959
11,electricity distribution,electricity,1999,3.882152351433749
11,electricity distribution,electricity,2000,4.225693153831571
11,electricity distribution,electricity,2001,4.598904952868146
11,electricity distribution,electricity,2002,5.101172943531315
11,electricity distribution,electricity,2003,5.913023505094298
11,electricity distribution,electricity,2004,6.828965360203245
11,electricity distribution,electricity,2005,7.791952250396902
11,electricity distribution,electricity,2006,8.941141733091625
11,electricity distribution,electricity,2007,10.28057680869385
11,electricity distribution,electricity,2008,10.872727679346696
11,electricity distribution,electricity,2009,11.667661665683502
11,electricity distribution,electricity,2010,13.223138522741522
11,electricity distribution,electricity,2011,14.755454665316098
11,electricity distribution,electricity,2012,15.735445195211597
11,electricity distribution,electricity,2013,17.14930247576146
11,electricity distribution,electricity,2014,17.94699830937486
11,electricity distribution,electricity,2015,18.539942652006197
12,electricity distribution,electricity,1971,0.6094162888963656
12,electricity distribution,electricity,1972,0.6647234788202336
12,electricity distribution,electricity,1973,0.7098666106590776
12,electricity distribution,electricity,1974,0.7524769666626887
12,electricity distribution,electricity,1975,0.8063144622173173
12,electricity distribution,electricity,1976,0.8708679014398965
12,electricity distribution,electricity,1977,0.9209274174444559
12,electricity distribution,electricity,1978,0.9754288980158123
12,electricity distribution,electricity,1979,0.9788182749584537
12,electricity distribution,electricity,1980,1.013374067885305
12,electricity distribution,electricity,1981,1.0230109269601346
12,electricity distribution,electricity,1982,1.0533535511075955
12,electricity distribution,electricity,1983,1.1038008601620073
12,electricity distribution,electricity,1984,1.1578439237381946
12,electricity distribution,electricity,1985,1.1656399963484505
12,electricity distribution,electricity,1986,1.206765251143629
12,electricity distribution,electricity,1987,1.2363736393980567
12,electricity distribution,electricity,1988,1.256762281803136
12,electricity distribution,electricity,1989,1.271955466546542
12,electricity distribution,electricity,1990,1.2471233400000001
12,electricity distribution,electricity,1991,1.1818887400000002
12,electricity distribution,electricity,1992,1.1008598
12,electricity distribution,electricity,1993,1.0852734400000004
12,electricity distribution,electricity,1994,1.0876860199999998
12,electricity distribution,electricity,1995,1.1362210600000002
12,electricity distribution,electricity,1996,1.17094922
12,electricity distribution,electricity,1997,1.1752551800000004
12,electricity distribution,electricity,1998,1.1920870000000003
12,electricity distribution,electricity,1999,1.15576282
12,electricity distribution,electricity,2000,1.2100561600000004
12,electricity distribution,electricity,2001,1.2602388
12,electricity distribution,electricity,2002,1.27473714
12,electricity distribution,electricity,2003,1.3244552600000001
12,electricity distribution,electricity,2004,1.34851652
12,electricity distribution,electricity,2005,1.36840282
12,electricity distribution,electricity,2006,1.39925008
12,electricity distribution,electricity,2007,1.4029220000000002
12,electricity distribution,electricity,2008,1.4084147
12,electricity distribution,electricity,2009,1.33557098
12,electricity distribution,electricity,2010,1.3812430000000002
12,electricity distribution,electricity,2011,1.4212604000000002
12,electricity distribution,electricity,2012,1.38849348
12,electricity distribution,electricity,2013,1.3808914
12,electricity distribution,electricity,2014,1.3843921000000001
12,electricity distribution,electricity,2015,1.3871386200000002
13,electricity distribution,electricity,1971,3.571186228566699
13,electricity distribution,electricity,1972,3.806984040182202
13,electricity distribution,electricity,1973,4.103295173631953
13,electricity distribution,electricity,1974,4.196571876313286
13,electricity distribution,electricity,1975,4.182647726747434
13,electricity distribution,electricity,1976,4.505574300456811
13,electricity distribution,electricity,1977,4.655746714036209
13,electricity distribution,electricity,1978,4.889775355199964
13,electricity distribution,electricity,1979,5.121143301046781
13,electricity distribution,electricity,1980,5.180022756663588
13,electricity distribution,electricity,1981,5.200782859947206
13,electricity distribution,electricity,1982,5.2164404580267325
13,electricity distribution,electricity,1983,5.327787335182366
13,electricity distribution,electricity,1984,5.5967095235732245
13,electricity distribution,electricity,1985,5.8823599320526965
13,electricity distribution,electricity,1986,6.044555221151908
13,electricity distribution,electricity,1987,6.259130250259751
13,electricity distribution,electricity,1988,6.409777998646629
13,electricity distribution,electricity,1989,6.560059585994731
13,electricity distribution,electricity,1990,6.753768820131696
13,electricity distribution,electricity,1991,6.980852760436496
13,electricity distribution,electricity,1992,7.026346722988135
13,electricity distribution,electricity,1993,7.030787146469331
13,electricity distribution,electricity,1994,7.146498496220997
13,electricity distribution,electricity,1995,7.317560177824486
13,electricity distribution,electricity,1996,7.605494507510469
13,electricity distribution,electricity,1997,7.7004546574252615
13,electricity distribution,electricity,1998,7.857147048923379
13,electricity distribution,electricity,1999,7.9923186180924
13,electricity distribution,electricity,2000,8.172108088534273
13,electricity distribution,electricity,2001,8.408769542501567
13,electricity distribution,electricity,2002,8.474086389934634
13,electricity distribution,electricity,2003,8.71903553930879
13,electricity distribution,electricity,2004,8.909964804763218
13,electricity distribution,electricity,2005,8.95551895512578
13,electricity distribution,electricity,2006,9.116270879737938
13,electricity distribution,electricity,2007,9.161233713574997
13,electricity distribution,electricity,2008,9.181519273096718
13,electricity distribution,electricity,2009,8.719898933494699
13,electricity distribution,electricity,2010,9.16647052227722
13,electricity distribution,electricity,2011,8.953780061464265
13,electricity distribution,electricity,2012,8.946509869841927
13,electricity distribution,electricity,2013,8.870328112745204
13,electricity distribution,electricity,2014,8.629281621658523
13,electricity distribution,electricity,2015,8.781141109235048
14,electricity distribution,electricity,1971,0.6344267770429324
14,electricity distribution,electricity,1972,0.7160571203053562
14,electricity distribution,electricity,1973,0.8013959376849891
14,electricity distribution,electricity,1974,0.8666381949479314
14,electricity distribution,electricity,1975,0.9267199140866207
14,electricity distribution,electricity,1976,1.0225607914232706
14,electricity distribution,electricity,1977,1.0685392951438282
14,electricity distribution,electricity,1978,1.1136019312041798
14,electricity distribution,electricity,1979,1.159853848924341
14,electricity distribution,electricity,1980,1.244332741651892
14,electricity distribution,electricity,1981,1.2975020908552402
14,electricity distribution,electricity,1982,1.3114161282588264
14,electricity distribution,electricity,1983,1.327986982103195
14,electricity distribution,electricity,1984,1.3378625587919417
14,electricity distribution,electricity,1985,1.3350533826159692
14,electricity distribution,electricity,1986,1.335530283313983
14,electricity distribution,electricity,1987,1.3595638611519316
14,electricity distribution,electricity,1988,1.35979673923174
14,electricity distribution,electricity,1989,1.3736105519677744
14,electricity distribution,electricity,1990,1.09331692
14,electricity distribution,electricity,1991,1.0176508200000003
14,electricity distribution,electricity,1992,0.9143035
14,electricity distribution,electricity,1993,0.81614804
14,electricity distribution,electricity,1994,0.7160249600000002
14,electricity distribution,electricity,1995,0.6666004200000001
14,electricity distribution,electricity,1996,0.60095984
14,electricity distribution,electricity,1997,0.57933926
14,electricity distribution,electricity,1998,0.5489420599999999
14,electricity distribution,electricity,1999,0.5555921
14,electricity distribution,electricity,2000,0.54891562
14,electricity distribution,electricity,2001,0.5358455400000001
14,electricity distribution,electricity,2002,0.54446476
14,electricity distribution,electricity,2003,0.5722479400000001
14,electricity distribution,electricity,2004,0.6105233000000002
14,electricity distribution,electricity,2005,0.6308937000000001
14,electricity distribution,electricity,2006,0.66054732
14,electricity distribution,electricity,2007,0.6753700600000001
14,electricity distribution,electricity,2008,0.6771959800000001
14,electricity distribution,electricity,2009,0.60340348
14,electricity distribution,electricity,2010,0.67027436
14,electricity distribution,electricity,2011,0.68309436
14,electricity distribution,electricity,2012,0.68872796
14,electricity distribution,electricity,2013,0.6729197400000001
14,electricity distribution,electricity,2014,0.65293388
14,electricity distribution,electricity,2015,0.59511344
15,electricity distribution,electricity,1971,0.08706844327509548
15,electricity distribution,electricity,1972,0.09910206362238606
15,electricity distribution,electricity,1973,0.10985260442107903
15,electricity distribution,electricity,1974,0.11926744196523148
15,electricity distribution,electricity,1975,0.13015600337770497
15,electricity distribution,electricity,1976,0.14772458169514574
15,electricity distribution,electricity,1977,0.16393902705052762
15,electricity distribution,electricity,1978,0.17387117243675776
15,electricity distribution,electricity,1979,0.18435599875891084
15,electricity distribution,electricity,1980,0.195270312174979
15,electricity distribution,electricity,1981,0.20563235802863447
15,electricity distribution,electricity,1982,0.20734143687610174
15,electricity distribution,electricity,1983,0.2165939484276655
15,electricity distribution,electricity,1984,0.23560421464006154
15,electricity distribution,electricity,1985,0.24834851629680316
15,electricity distribution,electricity,1986,0.27358747358288127
15,electricity distribution,electricity,1987,0.29611715415101286
15,electricity distribution,electricity,1988,0.31708305422239863
15,electricity distribution,electricity,1989,0.32725360559843053
15,electricity distribution,electricity,1990,0.3752975599999999
15,electricity distribution,electricity,1991,0.37751994000000005
15,electricity distribution,electricity,1992,0.3690337800000001
15,electricity distribution,electricity,1993,0.35886325999999996
15,electricity distribution,electricity,1994,0.37502944
15,electricity distribution,electricity,1995,0.4039297600000001
15,electricity distribution,electricity,1996,0.4431711200000001
15,electricity distribution,electricity,1997,0.4667714800000001
15,electricity distribution,electricity,1998,0.4878729000000001
15,electricity distribution,electricity,1999,0.5059248400000002
15,electricity distribution,electricity,2000,0.52649794
15,electricity distribution,electricity,2001,0.5220824400000001
15,electricity distribution,electricity,2002,0.5480304
15,electricity distribution,electricity,2003,0.5991920400000001
15,electricity distribution,electricity,2004,0.6632482
15,electricity distribution,electricity,2005,0.6975668600000001
15,electricity distribution,electricity,2006,0.73845916
15,electricity distribution,electricity,2007,0.7642989800000001
15,electricity distribution,electricity,2008,0.80999328
15,electricity distribution,electricity,2009,0.8091571000000002
15,electricity distribution,electricity,2010,0.8901623200000001
15,electricity distribution,electricity,2011,0.8999576600000001
15,electricity distribution,electricity,2012,0.9144853599999999
15,electricity distribution,electricity,2013,0.959862
15,electricity distribution,electricity,2014,0.9615054000000002
15,electricity distribution,electricity,2015,1.01022494
16,electricity distribution,electricity,1971,0.31120700000000007
16,electricity distribution,electricity,1972,0.32629396000000005
16,electricity distribution,electricity,1973,0.3627748
16,electricity distribution,electricity,1974,0.37713838
16,electricity distribution,electricity,1975,0.3996615
16,electricity distribution,electricity,1976,0.38878694
16,electricity distribution,electricity,1977,0.39082980000000006
16,electricity distribution,electricity,1978,0.40673588
16,electricity distribution,electricity,1979,0.44525792000000003
16,electricity distribution,electricity,1980,0.43871386000000007
16,electricity distribution,electricity,1981,0.47941761999999993
16,electricity distribution,electricity,1982,0.48583679999999996
16,electricity distribution,electricity,1983,0.52981812
16,electricity distribution,electricity,1984,0.5235298200000001
16,electricity distribution,electricity,1985,0.52565406
16,electricity distribution,electricity,1986,0.5155375600000001
16,electricity distribution,electricity,1987,0.5432861800000001
16,electricity distribution,electricity,1988,0.57026438
16,electricity distribution,electricity,1989,0.5848293800000001
16,electricity distribution,electricity,1990,0.5985889999999999
16,electricity distribution,electricity,1991,0.5654145
16,electricity distribution,electricity,1992,0.5954909800000001
16,electricity distribution,electricity,1993,0.6064339000000002
16,electricity distribution,electricity,1994,0.5983703800000001
16,electricity distribution,electricity,1995,0.6167058400000002
16,electricity distribution,electricity,1996,0.5376384799999999
16,electricity distribution,electricity,1997,0.58122962
16,electricity distribution,electricity,1998,0.6051482000000001
16,electricity distribution,electricity,1999,0.64871318
16,electricity distribution,electricity,2000,0.7077327400000001
16,electricity distribution,electricity,2001,0.6546891200000001
16,electricity distribution,electricity,2002,0.6714321800000002
16,electricity distribution,electricity,2003,0.58591712
16,electricity distribution,electricity,2004,0.5872387200000001
16,electricity distribution,electricity,2005,0.66707504
16,electricity distribution,electricity,2006,0.62905352
16,electricity distribution,electricity,2007,0.7042959600000002
16,electricity distribution,electricity,2008,0.74081344
16,electricity distribution,electricity,2009,0.71295872
16,electricity distribution,electricity,2010,0.67748606
16,electricity distribution,electricity,2011,0.68480922
16,electricity distribution,electricity,2012,0.77181158
16,electricity distribution,electricity,2013,0.73343552
16,electricity distribution,electricity,2014,0.76563786
16,electricity distribution,electricity,2015,0.7623143800000002
17,electricity distribution,electricity,1971,0.18619694
17,electricity distribution,electricity,1972,0.19500244000000003
17,electricity distribution,electricity,1973,0.19965234
17,electricity distribution,electricity,1974,0.20944154
17,electricity distribution,electricity,1975,0.23750184000000002
17,electricity distribution,electricity,1976,0.26233584000000004
17,electricity distribution,electricity,1977,0.2726301
17,electricity distribution,electricity,1978,0.30173522
17,electricity distribution,electricity,1979,0.30636135999999997
17,electricity distribution,electricity,1980,0.32660382
17,electricity distribution,electricity,1981,0.35725444000000006
17,electricity distribution,electricity,1982,0.37940176000000003
17,electricity distribution,electricity,1983,0.40534776
17,electricity distribution,electricity,1984,0.4585315200000001
17,electricity distribution,electricity,1985,0.49284179999999994
17,electricity distribution,electricity,1986,0.5403582200000001
17,electricity distribution,electricity,1987,0.5833780399999999
17,electricity distribution,electricity,1988,0.6442988000000001
17,electricity distribution,electricity,1989,0.70942686
17,electricity distribution,electricity,1990,0.7691872000000002
17,electricity distribution,electricity,1991,0.8430319799999999
17,electricity distribution,electricity,1992,0.9022876200000001
17,electricity distribution,electricity,1993,0.9688921800000001
17,electricity distribution,electricity,1994,1.05605628
17,electricity distribution,electricity,1995,1.1293059800000003
17,electricity distribution,electricity,1996,1.15107002
17,electricity distribution,electricity,1997,1.2243112200000001
17,electricity distribution,electricity,1998,1.2839745999999999
17,electricity distribution,electricity,1999,1.3228525000000002
17,electricity distribution,electricity,2000,1.3498473800000002
17,electricity distribution,electricity,2001,1.3703401800000001
17,electricity distribution,electricity,2002,1.45910742
17,electricity distribution,electricity,2003,1.5551511599999999
17,electricity distribution,electricity,2004,1.66206276
17,electricity distribution,electricity,2005,1.7572512400000002
17,electricity distribution,electricity,2006,1.9469341200000003
17,electricity distribution,electricity,2007,2.10253242
17,electricity distribution,electricity,2008,2.2145013600000003
17,electricity distribution,electricity,2009,2.3904542600000003
17,electricity distribution,electricity,2010,2.60548846
17,electricity distribution,electricity,2011,2.8705491800000003
17,electricity distribution,electricity,2012,3.0113406400000002
17,electricity distribution,electricity,2013,3.19427212
17,electricity distribution,electricity,2014,3.512268959999999
17,electricity distribution,electricity,2015,3.741330220000001
18,electricity distribution,electricity,1971,0.006070440000000001
18,electricity distribution,electricity,1972,0.0069380399999999995
18,electricity distribution,electricity,1973,0.007066900000000001
18,electricity distribution,electricity,1974,0.00880184
18,electricity distribution,electricity,1975,0.01009424
18,electricity distribution,electricity,1976,0.008845120000000001
18,electricity distribution,electricity,1977,0.010691
18,electricity distribution,electricity,1978,0.01545382
18,electricity distribution,electricity,1979,0.019211560000000003
18,electricity distribution,electricity,1980,0.02349096
18,electricity distribution,electricity,1981,0.02725966
18,electricity distribution,electricity,1982,0.03278484
18,electricity distribution,electricity,1983,0.036019340000000004
18,electricity distribution,electricity,1984,0.03974628000000001
18,electricity distribution,electricity,1985,0.045520300000000014
18,electricity distribution,electricity,1986,0.053230040000000006
18,electricity distribution,electricity,1987,0.06148698
18,electricity distribution,electricity,1988,0.07201218000000002
18,electricity distribution,electricity,1989,0.08458242
18,electricity distribution,electricity,1990,0.10181998
18,electricity distribution,electricity,1991,0.11332656000000002
18,electricity distribution,electricity,1992,0.12587962000000003
18,electricity distribution,electricity,1993,0.14024956
18,electricity distribution,electricity,1994,0.1608193
18,electricity distribution,electricity,1995,0.17910448
18,electricity distribution,electricity,1996,0.20496032
18,electricity distribution,electricity,1997,0.23207156
18,electricity distribution,electricity,1998,0.23493266000000002
18,electricity distribution,electricity,1999,0.25684342000000004
18,electricity distribution,electricity,2000,0.2849845200000001
18,electricity distribution,electricity,2001,0.30427786
18,electricity distribution,electricity,2002,0.31352157999999997
18,electricity distribution,electricity,2003,0.32562358
18,electricity distribution,electricity,2004,0.36033644000000004
18,electricity distribution,electricity,2005,0.388361
18,electricity distribution,electricity,2006,0.40819022000000005
18,electricity distribution,electricity,2007,0.43752582000000007
18,electricity distribution,electricity,2008,0.46331395999999997
18,electricity distribution,electricity,2009,0.4897081600000001
18,electricity distribution,electricity,2010,0.5325886400000001
18,electricity distribution,electricity,2011,0.57549284
18,electricity distribution,electricity,2012,0.6301508600000001
18,electricity distribution,electricity,2013,0.67457082
18,electricity distribution,electricity,2014,0.7125641
18,electricity distribution,electricity,2015,0.73024132
19,electricity distribution,electricity,1971,1.1939085800000002
19,electricity distribution,electricity,1972,1.3227760199999998
19,electricity distribution,electricity,1973,1.4459226600000001
19,electricity distribution,electricity,1974,1.4100500600000003
19,electricity distribution,electricity,1975,1.4454978200000002
19,electricity distribution,electricity,1976,1.55843738
19,electricity distribution,electricity,1977,1.64340328
19,electricity distribution,electricity,1978,1.7330218800000001
19,electricity distribution,electricity,1979,1.8160661200000001
19,electricity distribution,electricity,1980,1.7754485000000002
19,electricity distribution,electricity,1981,1.7812633000000002
19,electricity distribution,electricity,1982,1.7835368
19,electricity distribution,electricity,1983,1.8900891000000002
19,electricity distribution,electricity,1984,1.9754548599999997
19,electricity distribution,electricity,1985,2.03743802
19,electricity distribution,electricity,1986,2.0477969600000003
19,electricity distribution,electricity,1987,2.1771415
19,electricity distribution,electricity,1988,2.29507854
19,electricity distribution,electricity,1989,2.44395562
19,electricity distribution,electricity,1990,2.8215915199999997
19,electricity distribution,electricity,1991,2.8967128
19,electricity distribution,electricity,1992,2.9214473200000004
19,electricity distribution,electricity,1993,2.9318180600000003
19,electricity distribution,electricity,1994,3.12766744
19,electricity distribution,electricity,1995,3.1908120400000004
19,electricity distribution,electricity,1996,3.2649488399999997
19,electricity distribution,electricity,1997,3.3318357400000003
19,electricity distribution,electricity,1998,3.3216280600000005
19,electricity distribution,electricity,1999,3.3969895600000006
19,electricity distribution,electricity,2000,3.46375686
19,electricity distribution,electricity,2001,3.40824938
19,electricity distribution,electricity,2002,3.4653223400000006
19,electricity distribution,electricity,2003,3.4403178
19,electricity distribution,electricity,2004,3.54453438
19,electricity distribution,electricity,2005,3.6154373400000006
19,electricity distribution,electricity,2006,3.6356595
19,electricity distribution,electricity,2007,3.7274289400000007
19,electricity distribution,electricity,2008,3.6289991600000002
19,electricity distribution,electricity,2009,3.57739206
19,electricity distribution,electricity,2010,3.85762514
19,electricity distribution,electricity,2011,3.6589088800000003
19,electricity distribution,electricity,2012,3.61722002
19,electricity distribution,electricity,2013,3.6414806800000004
19,electricity distribution,electricity,2014,3.5786717200000004
19,electricity distribution,electricity,2015,3.5322834200000006
20,electricity distribution,electricity,1971,0.09273596
20,electricity distribution,electricity,1972,0.10335204
20,electricity distribution,electricity,1973,0.11246256000000002
20,electricity distribution,electricity,1974,0.12435196000000001
20,electricity distribution,electricity,1975,0.13363830000000002
20,electricity distribution,electricity,1976,0.14530064000000004
20,electricity distribution,electricity,1977,0.15933272
20,electricity distribution,electricity,1978,0.17582014
20,electricity distribution,electricity,1979,0.19068776
20,electricity distribution,electricity,1980,0.20355664
20,electricity distribution,electricity,1981,0.22225868000000001
20,electricity distribution,electricity,1982,0.24459654000000008
20,electricity distribution,electricity,1983,0.24812516
20,electricity distribution,electricity,1984,0.26388808
20,electricity distribution,electricity,1985,0.27992380000000006
20,electricity distribution,electricity,1986,0.2936737200000001
20,electricity distribution,electricity,1987,0.31316602000000004
20,electricity distribution,electricity,1988,0.32865278000000003
20,electricity distribution,electricity,1989,0.34922720000000007
20,electricity distribution,electricity,1990,0.3420838
20,electricity distribution,electricity,1991,0.3801366400000001
20,electricity distribution,electricity,1992,0.39316716000000007
20,electricity distribution,electricity,1993,0.39854938000000006
20,electricity distribution,electricity,1994,0.4306727
20,electricity distribution,electricity,1995,0.44553579999999987
20,electricity distribution,electricity,1996,0.45466560000000006
20,electricity distribution,electricity,1997,0.48254357999999997
20,electricity distribution,electricity,1998,0.52640282
20,electricity distribution,electricity,1999,0.55573516
20,electricity distribution,electricity,2000,0.5998641200000001
20,electricity distribution,electricity,2001,0.6155166599999999
20,electricity distribution,electricity,2002,0.63247172
20,electricity distribution,electricity,2003,0.63978354
20,electricity distribution,electricity,2004,0.6803658600000002
20,electricity distribution,electricity,2005,0.7144785200000001
20,electricity distribution,electricity,2006,0.7395079000000001
20,electricity distribution,electricity,2007,0.76087438
20,electricity distribution,electricity,2008,0.7813733
20,electricity distribution,electricity,2009,0.7715258400000002
20,electricity distribution,electricity,2010,0.79234472
20,electricity distribution,electricity,2011,0.84422726
20,electricity distribution,electricity,2012,0.8653258000000003
20,electricity distribution,electricity,2013,0.8804966400000003
20,electricity distribution,electricity,2014,0.8954667800000002
20,electricity distribution,electricity,2015,0.92575604
21,electricity distribution,electricity,1971,0.08885874000000002
21,electricity distribution,electricity,1972,0.1025956
21,electricity distribution,electricity,1973,0.11827454
21,electricity distribution,electricity,1974,0.1324353
21,electricity distribution,electricity,1975,0.14858659999999999
21,electricity distribution,electricity,1976,0.17007798000000002
21,electricity distribution,electricity,1977,0.1934678
21,electricity distribution,electricity,1978,0.22282978
21,electricity distribution,electricity,1979,0.27113174
21,electricity distribution,electricity,1980,0.30490878
21,electricity distribution,electricity,1981,0.33576472
21,electricity distribution,electricity,1982,0.39932490000000004
21,electricity distribution,electricity,1983,0.44776334
21,electricity distribution,electricity,1984,0.5159036800000001
21,electricity distribution,electricity,1985,0.5571210200000001
21,electricity distribution,electricity,1986,0.6062392800000002
21,electricity distribution,electricity,1987,0.6543087600000002
21,electricity distribution,electricity,1988,0.69280186
21,electricity distribution,electricity,1989,0.7329099200000001
21,electricity distribution,electricity,1990,0.7698449
21,electricity distribution,electricity,1991,0.7731513200000002
21,electricity distribution,electricity,1992,0.8820950799999999
21,electricity distribution,electricity,1993,0.9657699400000002
21,electricity distribution,electricity,1994,1.02480334
21,electricity distribution,electricity,1995,1.06856166
21,electricity distribution,electricity,1996,1.1315673800000003
21,electricity distribution,electricity,1997,1.1951502400000003
21,electricity distribution,electricity,1998,1.29256348
21,electricity distribution,electricity,1999,1.3714614800000002
21,electricity distribution,electricity,2000,1.4331844800000002
21,electricity distribution,electricity,2001,1.5172614800000004
21,electricity distribution,electricity,2002,1.6103120800000001
21,electricity distribution,electricity,2003,1.7182124800000003
21,electricity distribution,electricity,2004,1.80755164
21,electricity distribution,electricity,2005,1.9012050600000003
21,electricity distribution,electricity,2006,2.0506603400000003
21,electricity distribution,electricity,2007,2.14785516
21,electricity distribution,electricity,2008,2.3062943200000006
21,electricity distribution,electricity,2009,2.4104662400000003
21,electricity distribution,electricity,2010,2.67265468
21,electricity distribution,electricity,2011,2.7342041800000003
21,electricity distribution,electricity,2012,2.87030662
21,electricity distribution,electricity,2013,2.9943298000000005
21,electricity distribution,electricity,2014,3.2075933200000004
21,electricity distribution,electricity,2015,3.34957052
22,electricity distribution,electricity,1971,0.01922208
22,electricity distribution,electricity,1972,0.01922208
22,electricity distribution,electricity,1973,0.02212008
22,electricity distribution,electricity,1974,0.02409096
22,electricity distribution,electricity,1975,0.025657480000000003
22,electricity distribution,electricity,1976,0.025556780000000005
22,electricity distribution,electricity,1977,0.026975940000000004
22,electricity distribution,electricity,1978,0.030819919999999997
22,electricity distribution,electricity,1979,0.03662656
22,electricity distribution,electricity,1980,0.03728798
22,electricity distribution,electricity,1981,0.04099548
22,electricity distribution,electricity,1982,0.04571886
22,electricity distribution,electricity,1983,0.05094198000000001
22,electricity distribution,electricity,1984,0.05655700000000001
22,electricity distribution,electricity,1985,0.06330404000000002
22,electricity distribution,electricity,1986,0.07081366
22,electricity distribution,electricity,1987,0.07813108000000002
22,electricity distribution,electricity,1988,0.0902442
22,electricity distribution,electricity,1989,0.09630810000000001
22,electricity distribution,electricity,1990,0.10364176000000003
22,electricity distribution,electricity,1991,0.11367398000000001
22,electricity distribution,electricity,1992,0.13138626000000003
22,electricity distribution,electricity,1993,0.13456334
22,electricity distribution,electricity,1994,0.14264972
22,electricity distribution,electricity,1995,0.15096208
22,electricity distribution,electricity,1996,0.15449716
22,electricity distribution,electricity,1997,0.16050754
22,electricity distribution,electricity,1998,0.15588122000000001
22,electricity distribution,electricity,1999,0.16413904000000001
22,electricity distribution,electricity,2000,0.17493466
22,electricity distribution,electricity,2001,0.18226050000000002
22,electricity distribution,electricity,2002,0.18956788000000002
22,electricity distribution,electricity,2003,0.20672382
22,electricity distribution,electricity,2004,0.22065142
22,electricity distribution,electricity,2005,0.24359102000000005
22,electricity distribution,electricity,2006,0.26164224
22,electricity distribution,electricity,2007,0.26363166000000005
22,electricity distribution,electricity,2008,0.25254404
22,electricity distribution,electricity,2009,0.26693256
22,electricity distribution,electricity,2010,0.27682496000000006
22,electricity distribution,electricity,2011,0.2759759
22,electricity distribution,electricity,2012,0.2750973
22,electricity distribution,electricity,2013,0.30020466
22,electricity distribution,electricity,2014,0.30733906
22,electricity distribution,electricity,2015,0.3238597000000001
23,electricity distribution,electricity,1971,1.2866578889297584
23,electricity distribution,electricity,1972,1.3389822979486883
23,electricity distribution,electricity,1973,1.3944061705611326
23,electricity distribution,electricity,1974,1.486364031924329
23,electricity distribution,electricity,1975,1.529336778300479
23,electricity distribution,electricity,1976,1.6544641714954031
23,electricity distribution,electricity,1977,1.7025142459566134
23,electricity distribution,electricity,1978,1.7809520929649238
23,electricity distribution,electricity,1979,1.8240238663471733
23,electricity distribution,electricity,1980,1.8004818995300924
23,electricity distribution,electricity,1981,1.8349290367430608
23,electricity distribution,electricity,1982,1.937743999252957
23,electricity distribution,electricity,1983,2.0700648450456143
23,electricity distribution,electricity,1984,2.2564035502086144
23,electricity distribution,electricity,1985,2.4020754509333813
23,electricity distribution,electricity,1986,2.5479705980512355
23,electricity distribution,electricity,1987,2.7110765907915604
23,electricity distribution,electricity,1988,2.84813766882091
23,electricity distribution,electricity,1989,2.8797523463173027
23,electricity distribution,electricity,1990,3.3326883400000007
23,electricity distribution,electricity,1991,3.2781838000000003
23,electricity distribution,electricity,1992,3.07652848
23,electricity distribution,electricity,1993,2.8811938800000005
23,electricity distribution,electricity,1994,2.6183682000000004
23,electricity distribution,electricity,1995,2.5798341800000006
23,electricity distribution,electricity,1996,2.5219011
23,electricity distribution,electricity,1997,2.4755066400000003
23,electricity distribution,electricity,1998,2.4039379000000003
23,electricity distribution,electricity,1999,2.4600975399999996
23,electricity distribution,electricity,2000,2.54500786
23,electricity distribution,electricity,2001,2.57750806
23,electricity distribution,electricity,2002,2.5642047000000003
23,electricity distribution,electricity,2003,2.6446763600000005
23,electricity distribution,electricity,2004,2.6881537000000004
23,electricity distribution,electricity,2005,2.7801981600000003
23,electricity distribution,electricity,2006,2.9292095800000006
23,electricity distribution,electricity,2007,3.0007040600000003
23,electricity distribution,electricity,2008,3.0997773
23,electricity distribution,electricity,2009,2.9630524000000005
23,electricity distribution,electricity,2010,3.1028292200000003
23,electricity distribution,electricity,2011,3.1637408000000002
23,electricity distribution,electricity,2012,3.21358968
23,electricity distribution,electricity,2013,3.1876249600000004
23,electricity distribution,electricity,2014,3.1867454200000007
23,electricity distribution,electricity,2015,3.1986312800000007
24,electricity distribution,electricity,1971,0.17006438
24,electricity distribution,electricity,1972,0.18680464
24,electricity distribution,electricity,1973,0.20141364000000006
24,electricity distribution,electricity,1974,0.21734878000000002
24,electricity distribution,electricity,1975,0.23315833999999996
24,electricity distribution,electricity,1976,0.24767991999999994
24,electricity distribution,electricity,1977,0.25119578
24,electricity distribution,electricity,1978,0.26157212
24,electricity distribution,electricity,1979,0.27784214000000007
24,electricity distribution,electricity,1980,0.30553114000000003
24,electricity distribution,electricity,1981,0.35193898
24,electricity distribution,electricity,1982,0.3616346400000001
24,electricity distribution,electricity,1983,0.36265862000000004
24,electricity distribution,electricity,1984,0.41292752000000005
24,electricity distribution,electricity,1985,0.43225302000000004
24,electricity distribution,electricity,1986,0.45737725999999995
24,electricity distribution,electricity,1987,0.4696967400000001
24,electricity distribution,electricity,1988,0.49209016
24,electricity distribution,electricity,1989,0.50825052
24,electricity distribution,electricity,1990,0.5111218200000001
24,electricity distribution,electricity,1991,0.5104907000000001
24,electricity distribution,electricity,1992,0.51183316
24,electricity distribution,electricity,1993,0.53485408
24,electricity distribution,electricity,1994,0.55523314
24,electricity distribution,electricity,1995,0.57561448
24,electricity distribution,electricity,1996,0.6149588400000001
24,electricity distribution,electricity,1997,0.64083652
24,electricity distribution,electricity,1998,0.62330536
24,electricity distribution,electricity,1999,0.61523666
24,electricity distribution,electricity,2000,0.6404655600000001
24,electricity distribution,electricity,2001,0.64470934
24,electricity distribution,electricity,2002,0.6885980400000001
24,electricity distribution,electricity,2003,0.71183788
24,electricity distribution,electricity,2004,0.7281635000000002
24,electricity distribution,electricity,2005,0.74273258
24,electricity distribution,electricity,2006,0.7682186400000001
24,electricity distribution,electricity,2007,0.8002899000000001
24,electricity distribution,electricity,2008,0.7813955200000001
24,electricity distribution,electricity,2009,0.7454565200000001
24,electricity distribution,electricity,2010,0.77863674
24,electricity distribution,electricity,2011,0.7978007000000001
24,electricity distribution,electricity,2012,0.78113948
24,electricity distribution,electricity,2013,0.7780415200000002
24,electricity distribution,electricity,2014,0.7673668200000001
24,electricity distribution,electricity,2015,0.76241844
25,electricity distribution,electricity,1971,0.0562740303243968
25,electricity distribution,electricity,1972,0.06202956662380683
25,electricity distribution,electricity,1973,0.06745925557554656
25,electricity distribution,electricity,1974,0.07194240115073447
25,electricity distribution,electricity,1975,0.07289734123700756
25,electricity distribution,electricity,1976,0.08017770120325794
25,electricity distribution,electricity,1977,0.08852404112073983
25,electricity distribution,electricity,1978,0.09840835928584007
25,electricity distribution,electricity,1979,0.11498458102249967
25,electricity distribution,electricity,1980,0.1276157541293068
25,electricity distribution,electricity,1981,0.14221842775606586
25,electricity distribution,electricity,1982,0.13782905852809935
25,electricity distribution,electricity,1983,0.14677371440235218
25,electricity distribution,electricity,1984,0.15416345285677854
25,electricity distribution,electricity,1985,0.15892302334738037
25,electricity distribution,electricity,1986,0.16510600447179297
25,electricity distribution,electricity,1987,0.17821876106919987
25,electricity distribution,electricity,1988,0.19232650302733142
25,electricity distribution,electricity,1989,0.189397686416764
25,electricity distribution,electricity,1990,0.19369166913995284
25,electricity distribution,electricity,1991,0.20502923942683707
25,electricity distribution,electricity,1992,0.21965433150666155
25,electricity distribution,electricity,1993,0.22359481252016514
25,electricity distribution,electricity,1994,0.22794972259338767
25,electricity distribution,electricity,1995,0.2329431433731772
25,electricity distribution,electricity,1996,0.23817637627047628
25,electricity distribution,electricity,1997,0.24649681299255055
25,electricity distribution,electricity,1998,0.2471086300451828
25,electricity distribution,electricity,1999,0.25050775985133444
25,electricity distribution,electricity,2000,0.26236154271459916
25,electricity distribution,electricity,2001,0.27215368432465703
25,electricity distribution,electricity,2002,0.28045846058181884
25,electricity distribution,electricity,2003,0.27886863211314505
25,electricity distribution,electricity,2004,0.29277907065640374
25,electricity distribution,electricity,2005,0.3111892699094707
25,electricity distribution,electricity,2006,0.32571730491246703
25,electricity distribution,electricity,2007,0.33205860165245604
25,electricity distribution,electricity,2008,0.3462857521221981
25,electricity distribution,electricity,2009,0.34684312964504704
25,electricity distribution,electricity,2010,0.36076362203873263
25,electricity distribution,electricity,2011,0.37104532940553986
25,electricity distribution,electricity,2012,0.38444647659662373
25,electricity distribution,electricity,2013,0.3818230574068036
25,electricity distribution,electricity,2014,0.24885658444809838
25,electricity distribution,electricity,2015,0.327057603260798
26,electricity distribution,electricity,1971,0.059399020000000004
26,electricity distribution,electricity,1972,0.06248773999999999
26,electricity distribution,electricity,1973,0.0637223
26,electricity distribution,electricity,1974,0.0682681
26,electricity distribution,electricity,1975,0.06900885999999999
26,electricity distribution,electricity,1976,0.07327503999999999
26,electricity distribution,electricity,1977,0.07872378000000001
26,electricity distribution,electricity,1978,0.08342212
26,electricity distribution,electricity,1979,0.08891364
26,electricity distribution,electricity,1980,0.09960096000000002
26,electricity distribution,electricity,1981,0.10598468
26,electricity distribution,electricity,1982,0.11192436000000001
26,electricity distribution,electricity,1983,0.1169673
26,electricity distribution,electricity,1984,0.12387622000000004
26,electricity distribution,electricity,1985,0.1342907
26,electricity distribution,electricity,1986,0.1700502
26,electricity distribution,electricity,1987,0.19950862000000003
26,electricity distribution,electricity,1988,0.20485958
26,electricity distribution,electricity,1989,0.21599142000000002
26,electricity distribution,electricity,1990,0.24309802000000005
26,electricity distribution,electricity,1991,0.2599713
26,electricity distribution,electricity,1992,0.2601814800000001
26,electricity distribution,electricity,1993,0.28066152
26,electricity distribution,electricity,1994,0.30581802
26,electricity distribution,electricity,1995,0.3333361
26,electricity distribution,electricity,1996,0.36334785999999997
26,electricity distribution,electricity,1997,0.3970780000000001
26,electricity distribution,electricity,1998,0.41699816
26,electricity distribution,electricity,1999,0.42669836
26,electricity distribution,electricity,2000,0.44106348000000006
26,electricity distribution,electricity,2001,0.43095050000000007
26,electricity distribution,electricity,2002,0.45136932
26,electricity distribution,electricity,2003,0.47316474000000003
26,electricity distribution,electricity,2004,0.48205708
26,electricity distribution,electricity,2005,0.49351765999999997
26,electricity distribution,electricity,2006,0.51731418
26,electricity distribution,electricity,2007,0.5576634400000001
26,electricity distribution,electricity,2008,0.5819904199999999
26,electricity distribution,electricity,2009,0.58074622
26,electricity distribution,electricity,2010,0.60018388
26,electricity distribution,electricity,2011,0.6509952400000001
26,electricity distribution,electricity,2012,0.6809936200000001
26,electricity distribution,electricity,2013,0.7061056
26,electricity distribution,electricity,2014,0.70181468
26,electricity distribution,electricity,2015,0.7331911
27,electricity distribution,electricity,1971,0.011793061978236334
27,electricity distribution,electricity,1972,0.014236797512941653
27,electricity distribution,electricity,1973,0.0169139976067237
27,electricity distribution,electricity,1974,0.01833065144472022
27,electricity distribution,electricity,1975,0.019298773856941336
27,electricity distribution,electricity,1976,0.019485435565953082
27,electricity distribution,electricity,1977,0.020158982818100097
27,electricity distribution,electricity,1978,0.02176418473114671
27,electricity distribution,electricity,1979,0.02408139582808214
27,electricity distribution,electricity,1980,0.024761359764990234
27,electricity distribution,electricity,1981,0.026009030786819598
27,electricity distribution,electricity,1982,0.027208960233243592
27,electricity distribution,electricity,1983,0.028985379747427643
27,electricity distribution,electricity,1984,0.03179699919708989
27,electricity distribution,electricity,1985,0.02966186177695064
27,electricity distribution,electricity,1986,0.03326499692702015
27,electricity distribution,electricity,1987,0.03537585561500149
27,electricity distribution,electricity,1988,0.037469017016129313
27,electricity distribution,electricity,1989,0.0417447334287196
27,electricity distribution,electricity,1990,0.043854646346640706
27,electricity distribution,electricity,1991,0.045042461027402135
27,electricity distribution,electricity,1992,0.0494851812849678
27,electricity distribution,electricity,1993,0.05552250980659233
27,electricity distribution,electricity,1994,0.05917191304966985
27,electricity distribution,electricity,1995,0.06477293651217184
27,electricity distribution,electricity,1996,0.06815064694692605
27,electricity distribution,electricity,1997,0.07129438208699512
27,electricity distribution,electricity,1998,0.07963677479486361
27,electricity distribution,electricity,1999,0.08644867984078115
27,electricity distribution,electricity,2000,0.09418897247252815
27,electricity distribution,electricity,2001,0.10227185063299306
27,electricity distribution,electricity,2002,0.10950279649094198
27,electricity distribution,electricity,2003,0.11758101075849486
27,electricity distribution,electricity,2004,0.137832639183984
27,electricity distribution,electricity,2005,0.14578111647344386
27,electricity distribution,electricity,2006,0.16298100473639587
27,electricity distribution,electricity,2007,0.1747820711281761
27,electricity distribution,electricity,2008,0.17762210413891638
27,electricity distribution,electricity,2009,0.19260717992272308
27,electricity distribution,electricity,2010,0.20772324917719348
27,electricity distribution,electricity,2011,0.24108285790914635
27,electricity distribution,electricity,2012,0.2508839048432876
27,electricity distribution,electricity,2013,0.27135481547940976
27,electricity distribution,electricity,2014,0.2850003732659093
27,electricity distribution,electricity,2015,0.2986554642954492
28,electricity distribution,electricity,1971,0.0331301
28,electricity distribution,electricity,1972,0.03918788
28,electricity distribution,electricity,1973,0.045650340000000005
28,electricity distribution,electricity,1974,0.05398584000000001
28,electricity distribution,electricity,1975,0.0588012
28,electricity distribution,electricity,1976,0.0703032
28,electricity distribution,electricity,1977,0.08135228000000001
28,electricity distribution,electricity,1978,0.0977364
28,electricity distribution,electricity,1979,0.11203762000000002
28,electricity distribution,electricity,1980,0.11760272
28,electricity distribution,electricity,1981,0.1274026
28,electricity distribution,electricity,1982,0.13627034000000002
28,electricity distribution,electricity,1983,0.1518449
28,electricity distribution,electricity,1984,0.16020814000000003
28,electricity distribution,electricity,1985,0.17190004
28,electricity distribution,electricity,1986,0.19191128000000002
28,electricity distribution,electricity,1987,0.21960302000000004
28,electricity distribution,electricity,1988,0.2539305
28,electricity distribution,electricity,1989,0.27841726
28,electricity distribution,electricity,1990,0.33981976
28,electricity distribution,electricity,1991,0.37577882000000007
28,electricity distribution,electricity,1992,0.41486872
28,electricity distribution,electricity,1993,0.45983824
28,electricity distribution,electricity,1994,0.52759752
28,electricity distribution,electricity,1995,0.58776158
28,electricity distribution,electricity,1996,0.65691834
28,electricity distribution,electricity,1997,0.72170894
28,electricity distribution,electricity,1998,0.6953423400000002
28,electricity distribution,electricity,1999,0.77011856
28,electricity distribution,electricity,2000,0.9472295000000003
28,electricity distribution,electricity,2001,1.02000586
28,electricity distribution,electricity,2002,1.08084442
28,electricity distribution,electricity,2003,1.13904216
28,electricity distribution,electricity,2004,1.2166183000000002
28,electricity distribution,electricity,2005,1.2785542
28,electricity distribution,electricity,2006,1.33649948
28,electricity distribution,electricity,2007,1.41535914
28,electricity distribution,electricity,2008,1.47331252
28,electricity distribution,electricity,2009,1.4919047800000003
28,electricity distribution,electricity,2010,1.6507554
28,electricity distribution,electricity,2011,1.73275212
28,electricity distribution,electricity,2012,1.7717747
28,electricity distribution,electricity,2013,1.7914339400000001
28,electricity distribution,electricity,2014,1.81814764
28,electricity distribution,electricity,2015,1.8217395200000002
29,electricity distribution,electricity,1971,0.12410150875777298
29,electricity distribution,electricity,1972,0.13766906993137876
29,electricity distribution,electricity,1973,0.1578095273066193
29,electricity distribution,electricity,1974,0.16335507031973506
29,electricity distribution,electricity,1975,0.17506114102062287
29,electricity distribution,electricity,1976,0.18935267252737661
29,electricity distribution,electricity,1977,0.20308248413845967
29,electricity distribution,electricity,1978,0.2167182818915551
29,electricity distribution,electricity,1979,0.23155759541912174
29,electricity distribution,electricity,1980,0.24769293675528492
29,electricity distribution,electricity,1981,0.25015840929132754
29,electricity distribution,electricity,1982,0.2633669659145416
29,electricity distribution,electricity,1983,0.28409676353633817
29,electricity distribution,electricity,1984,0.30130991355748415
29,electricity distribution,electricity,1985,0.3188434096032052
29,electricity distribution,electricity,1986,0.32713648062913936
29,electricity distribution,electricity,1987,0.35736050785338347
29,electricity distribution,electricity,1988,0.39402310300695986
29,electricity distribution,electricity,1989,0.4335416472511848
29,electricity distribution,electricity,1990,0.46521011003763485
29,electricity distribution,electricity,1991,0.4926375587550171
29,electricity distribution,electricity,1992,0.5182543277106795
29,electricity distribution,electricity,1993,0.5568814878058719
29,electricity distribution,electricity,1994,0.6251011415472418
29,electricity distribution,electricity,1995,0.6960664389714073
29,electricity distribution,electricity,1996,0.7634535041439782
29,electricity distribution,electricity,1997,0.822559685803234
29,electricity distribution,electricity,1998,0.838002251580558
29,electricity distribution,electricity,1999,0.8701599128380505
29,electricity distribution,electricity,2000,0.9351625703514199
29,electricity distribution,electricity,2001,0.982134287167122
29,electricity distribution,electricity,2002,1.041831237524009
29,electricity distribution,electricity,2003,1.1231184594267059
29,electricity distribution,electricity,2004,1.191378272563351
29,electricity distribution,electricity,2005,1.2518124075041408
29,electricity distribution,electricity,2006,1.3284206982958577
29,electricity distribution,electricity,2007,1.4113852153503643
29,electricity distribution,electricity,2008,1.4617111440236084
29,electricity distribution,electricity,2009,1.556053401737274
29,electricity distribution,electricity,2010,1.6839233818041877
29,electricity distribution,electricity,2011,1.7186074185694158
29,electricity distribution,electricity,2012,1.857325358247071
29,electricity distribution,electricity,2013,1.9180431846792436
29,electricity distribution,electricity,2014,2.005566012730493
29,electricity distribution,electricity,2015,2.154903224287002
30,electricity distribution,electricity,1971,0.05274573940000001
30,electricity distribution,electricity,1972,0.060803718
30,electricity distribution,electricity,1973,0.0669889688
30,electricity distribution,electricity,1974,0.07126349060000002
30,electricity distribution,electricity,1975,0.07863052940000001
30,electricity distribution,electricity,1976,0.0921310436
30,electricity distribution,electricity,1977,0.10107254360000002
30,electricity distribution,electricity,1978,0.11472948000000001
30,electricity distribution,electricity,1979,0.12717402
30,electricity distribution,electricity,1980,0.13659933999999999
30,electricity distribution,electricity,1981,0.13482470000000002
30,electricity distribution,electricity,1982,0.13644328000000003
30,electricity distribution,electricity,1983,0.15436896000000003
30,electricity distribution,electricity,1984,0.16760442
30,electricity distribution,electricity,1985,0.17520102
30,electricity distribution,electricity,1986,0.19640412000000002
30,electricity distribution,electricity,1987,0.21591742000000003
30,electricity distribution,electricity,1988,0.24016075999999997
30,electricity distribution,electricity,1989,0.26324576
30,electricity distribution,electricity,1990,0.2837401600000001
30,electricity distribution,electricity,1991,0.31245322000000003
30,electricity distribution,electricity,1992,0.33501852000000004
30,electricity distribution,electricity,1993,0.36498896000000003
30,electricity distribution,electricity,1994,0.3903387
30,electricity distribution,electricity,1995,0.41787052
30,electricity distribution,electricity,1996,0.44330006
30,electricity distribution,electricity,1997,0.4722819200000001
30,electricity distribution,electricity,1998,0.513004
30,electricity distribution,electricity,1999,0.53673772
30,electricity distribution,electricity,2000,0.5904914400000001
30,electricity distribution,electricity,2001,0.60224246
30,electricity distribution,electricity,2002,0.6351977600000001
30,electricity distribution,electricity,2003,0.6706879200000001
30,electricity distribution,electricity,2004,0.704633
30,electricity distribution,electricity,2005,0.7338922200000001
30,electricity distribution,electricity,2006,0.7574613000000001
30,electricity distribution,electricity,2007,0.78425988
30,electricity distribution,electricity,2008,0.77409032
30,electricity distribution,electricity,2009,0.74047774
30,electricity distribution,electricity,2010,0.80173938
30,electricity distribution,electricity,2011,0.81809814
30,electricity distribution,electricity,2012,0.81752158
30,electricity distribution,electricity,2013,0.83315218
30,electricity distribution,electricity,2014,0.85184716
30,electricity distribution,electricity,2015,0.84746652
31,electricity distribution,electricity,1971,0.07135818000000001
31,electricity distribution,electricity,1972,0.07758082000000001
31,electricity distribution,electricity,1973,0.08178906000000001
31,electricity distribution,electricity,1974,0.08571784
31,electricity distribution,electricity,1975,0.08826290000000002
31,electricity distribution,electricity,1976,0.09144756000000001
31,electricity distribution,electricity,1977,0.09730562000000001
31,electricity distribution,electricity,1978,0.09980914
31,electricity distribution,electricity,1979,0.11344738
31,electricity distribution,electricity,1980,0.11816048000000001
31,electricity distribution,electricity,1981,0.11470440000000001
31,electricity distribution,electricity,1982,0.11859918
31,electricity distribution,electricity,1983,0.12509019999999998
31,electricity distribution,electricity,1984,0.13203142
31,electricity distribution,electricity,1985,0.13285666000000002
31,electricity distribution,electricity,1986,0.13953214
31,electricity distribution,electricity,1987,0.15184312000000003
31,electricity distribution,electricity,1988,0.15551852000000002
31,electricity distribution,electricity,1989,0.1431191
31,electricity distribution,electricity,1990,0.14210166000000002
31,electricity distribution,electricity,1991,0.14904794
31,electricity distribution,electricity,1992,0.1528233
31,electricity distribution,electricity,1993,0.16909744000000004
31,electricity distribution,electricity,1994,0.18249552000000002
31,electricity distribution,electricity,1995,0.19173362
31,electricity distribution,electricity,1996,0.19929808000000004
31,electricity distribution,electricity,1997,0.20928732
31,electricity distribution,electricity,1998,0.21709026000000003
31,electricity distribution,electricity,1999,0.23597482000000003
31,electricity distribution,electricity,2000,0.26071852
31,electricity distribution,electricity,2001,0.26572628000000004
31,electricity distribution,electricity,2002,0.24412914000000002
31,electricity distribution,electricity,2003,0.27169936000000006
31,electricity distribution,electricity,2004,0.29428776000000006
31,electricity distribution,electricity,2005,0.31053116000000003
31,electricity distribution,electricity,2006,0.30988272000000006
31,electricity distribution,electricity,2007,0.30782976000000006
31,electricity distribution,electricity,2008,0.36564962000000006
31,electricity distribution,electricity,2009,0.36083950000000004
31,electricity distribution,electricity,2010,0.37497090000000005
31,electricity distribution,electricity,2011,0.3828035800000001
31,electricity distribution,electricity,2012,0.4041186
31,electricity distribution,electricity,2013,0.40645394
31,electricity distribution,electricity,2014,0.41907486
31,electricity distribution,electricity,2015,0.44323212
32,electricity distribution,electricity,1971,0.03188626
32,electricity distribution,electricity,1972,0.03128332
32,electricity distribution,electricity,1973,0.034406120000000005
32,electricity distribution,electricity,1974,0.03851808
32,electricity distribution,electricity,1975,0.037216820000000005
32,electricity distribution,electricity,1976,0.03933706000000001
32,electricity distribution,electricity,1977,0.04420904
32,electricity distribution,electricity,1978,0.0499488
32,electricity distribution,electricity,1979,0.05485536000000001
32,electricity distribution,electricity,1980,0.0583267
32,electricity distribution,electricity,1981,0.05926714
32,electricity distribution,electricity,1982,0.06315306000000001
32,electricity distribution,electricity,1983,0.06445820000000001
32,electricity distribution,electricity,1984,0.07171908000000002
32,electricity distribution,electricity,1985,0.07665184
32,electricity distribution,electricity,1986,0.0841808
32,electricity distribution,electricity,1987,0.08295698
32,electricity distribution,electricity,1988,0.08652728000000001
32,electricity distribution,electricity,1989,0.09319934
32,electricity distribution,electricity,1990,0.09789952
32,electricity distribution,electricity,1991,0.09984344000000003
32,electricity distribution,electricity,1992,0.0922266
32,electricity distribution,electricity,1993,0.10628718000000001
32,electricity distribution,electricity,1994,0.11361698
32,electricity distribution,electricity,1995,0.1163129
32,electricity distribution,electricity,1996,0.11851292000000002
32,electricity distribution,electricity,1997,0.12114588000000001
32,electricity distribution,electricity,1998,0.12027152000000003
32,electricity distribution,electricity,1999,0.11351314000000003
32,electricity distribution,electricity,2000,0.1177853
32,electricity distribution,electricity,2001,0.1231125
32,electricity distribution,electricity,2002,0.12757484
32,electricity distribution,electricity,2003,0.13205032
32,electricity distribution,electricity,2004,0.14060278
32,electricity distribution,electricity,2005,0.14236711999999999
32,electricity distribution,electricity,2006,0.15215446
32,electricity distribution,electricity,2007,0.1542291
32,electricity distribution,electricity,2008,0.1563773
32,electricity distribution,electricity,2009,0.17157864000000006
32,electricity distribution,electricity,2010,0.17675472
32,electricity distribution,electricity,2011,0.18671604000000003
32,electricity distribution,electricity,2012,0.19277064
32,electricity distribution,electricity,2013,0.24058904000000003
32,electricity distribution,electricity,2014,0.22787822000000002
32,electricity distribution,electricity,2015,0.24820672000000002
